1.00000 ,0.19824 ,0.02368 ,-0.30642 ,-0.22438 ,0.07702 ,0.14683 ,0.14617 ,-0.34398 ,-0.15347 ,0.27149 ,-0.20507 ,0.02491 ,-0.08018 ,-0.00094 ,0.34487 ,0.37516 ,0.32629 ,0.55113 ,-0.22851 ,0.15187 ,0.15259 ,0.00104 ,-0.02337 ,0.17498 ,-0.12636 ,0.67377 ,-0.28088 ,-0.32418 ,-0.05172 ,0.27359 ,0.05521 ,-0.22935 ,-0.02486 ,0.17671 ,-0.15455 ,0.15449 ,-0.02690 ,0.12440 ,-0.35201 ,-0.05217 ,0.06454 ,0.02175 ,-0.33249 ,-0.30043 ,0.12486 ,-0.15163 ,-0.17711 ,0.00027 ,-0.27867 ,0.20081 ,0.42612 ,0.25135 ,0.25040 ,-0.07762 ,-0.24881 ,-0.13090 ,0.01951 ,-0.05282 ,-0.39616 ,-0.12436 ,0.17935 ,-0.19552 ,0.07653 ,0.07576 ,0.17678 ,-0.09799 ,0.50332 ,0.07245 ,-0.17907 ,0.42652 ,0.40264 ,0.32569 ,-0.17764 ,0.19798 ,-0.32766 ,-0.65126 ,0.11295 ,0.85011 ,0.12588 ,0.02781 ,0.29768 ,-0.20156 ,0.23438 ,0.34776 ,-0.22469 ,-0.55043 ,0.29630 ,0.21318 ,-0.02777 ,0.04695 ,0.60024 ,-0.04843 ,0.10218 ,0.02768 ,-0.25145 ,0.30129 ,0.04782 ,-0.52565 ,-0.17059 
-0.08828 ,1.00000 ,0.10975 ,0.04987 ,0.09785 ,-0.16989 ,0.08079 ,0.17865 ,0.25192 ,-0.02276 ,-0.16584 ,-0.15128 ,0.09181 ,-0.32080 ,-0.25320 ,0.23484 ,0.40423 ,-0.24308 ,-0.14389 ,-0.01966 ,-0.12110 ,0.03216 ,0.08146 ,-0.04772 ,0.13030 ,0.00232 ,-0.06648 ,0.20827 ,0.10866 ,-0.06948 ,0.23021 ,0.23256 ,0.14975 ,-0.16630 ,0.03304 ,0.12794 ,-0.12696 ,0.10731 ,0.22707 ,-0.06960 ,0.05783 ,0.05712 ,0.08009 ,0.08502 ,0.25689 ,0.27282 ,-0.09763 ,0.03404 ,0.00145 ,-0.13972 ,0.20326 ,0.13007 ,0.26226 ,0.12720 ,-0.01238 ,-0.09988 ,0.08334 ,0.07625 ,0.09878 ,0.15293 ,0.18316 ,-0.04050 ,0.33371 ,0.04890 ,0.00919 ,0.10054 ,0.06851 ,-0.04969 ,0.28465 ,0.05304 ,0.00321 ,-0.04851 ,0.17429 ,-0.15200 ,0.10451 ,0.16035 ,0.27607 ,0.20099 ,0.15806 ,0.02796 ,-0.19753 ,0.07973 ,0.35768 ,0.05907 ,0.00427 ,0.05471 ,-0.06861 ,0.15578 ,0.03224 ,0.30272 ,0.28118 ,-0.04217 ,0.26199 ,0.10120 ,0.43453 ,-0.22349 ,-0.26908 ,0.40669 ,0.32214 ,0.40869 
-0.04548 ,0.42504 ,1.00000 ,0.03768 ,0.43070 ,0.22762 ,-0.07509 ,-0.00274 ,0.34812 ,0.39593 ,0.05102 ,0.64990 ,-0.12867 ,0.37842 ,0.19655 ,0.06561 ,0.27656 ,-0.12378 ,0.45426 ,0.10768 ,0.11748 ,0.14402 ,0.35363 ,-0.25507 ,-0.05983 ,-0.04851 ,0.32423 ,0.06976 ,0.31983 ,0.12774 ,-0.25454 ,-0.53164 ,-0.30259 ,0.25162 ,-0.07618 ,-0.05264 ,0.04981 ,0.07605 ,0.04452 ,0.27424 ,0.45087 ,-0.25249 ,0.08885 ,0.27444 ,0.10005 ,0.09727 ,0.37392 ,0.40336 ,0.22346 ,-0.15206 ,0.02258 ,0.20591 ,-0.02902 ,-0.12452 ,-0.10041 ,0.15269 ,-0.02595 ,0.02286 ,0.44854 ,0.25633 ,-0.10147 ,0.13156 ,-0.17750 ,-0.20542 ,0.24966 ,-0.12082 ,0.07470 ,-0.07886 ,-0.22927 ,0.20030 ,-0.27504 ,0.02274 ,0.44637 ,0.02914 ,0.00579 ,-0.10580 ,0.07443 ,-0.10110 ,-0.20538 ,0.42188 ,0.32509 ,0.26873 ,-0.27441 ,0.19680 ,-0.17209 ,0.35318 ,0.02499 ,-0.37355 ,-0.14645 ,-0.40005 ,0.32153 ,0.09694 ,-0.00625 ,0.22061 ,0.29595 ,0.20341 ,0.29462 ,0.02395 ,-0.12308 ,0.07391 
-0.21866 ,-0.33012 ,-0.00398 ,1.00000 ,-0.07689 ,-0.22341 ,-0.37355 ,-0.08482 ,0.27881 ,-0.14911 ,-0.10072 ,-0.17302 ,0.09949 ,-0.16909 ,-0.14931 ,-0.20147 ,-0.07231 ,-0.21209 ,-0.07091 ,0.02446 ,0.10500 ,-0.02199 ,-0.25004 ,-0.04591 ,0.07290 ,-0.08205 ,-0.65009 ,0.35716 ,-0.05206 ,-0.20043 ,0.25859 ,0.24384 ,-0.09826 ,0.12377 ,-0.20086 ,0.35372 ,-0.35494 ,-0.01910 ,-0.45184 ,-0.04385 ,-0.12382 ,0.15109 ,-0.39836 ,0.15664 ,0.16928 ,-0.25364 ,0.02711 ,0.00431 ,-0.17164 ,-0.14715 ,0.04107 ,-0.50020 ,0.15337 ,-0.06832 ,0.44935 ,0.37739 ,0.22337 ,0.44643 ,0.42930 ,0.65128 ,0.57825 ,-0.07662 ,0.01938 ,0.42505 ,0.15475 ,0.35293 ,0.20281 ,0.25014 ,-0.11524 ,0.19873 ,0.09915 ,0.14978 ,0.35067 ,-0.32656 ,-0.24743 ,0.22746 ,0.33378 ,0.27668 ,-0.22001 ,0.27581 ,0.15689 ,0.02509 ,0.14628 ,0.55312 ,-0.05411 ,0.49706 ,0.16346 ,-0.19559 ,0.10506 ,-0.19357 ,0.05482 ,-0.09090 ,-0.12338 ,0.15243 ,0.10209 ,0.00354 ,0.05421 ,0.13064 ,0.15138 ,0.06669 
0.05249 ,-0.44930 ,0.14974 ,-0.00269 ,1.00000 ,0.09382 ,-0.04572 ,0.32491 ,-0.07977 ,-0.05165 ,0.04425 ,0.02733 ,-0.24683 ,-0.12858 ,0.54987 ,0.22655 ,0.34667 ,-0.34842 ,-0.00085 ,0.03024 ,0.64947 ,-0.35342 ,0.14972 ,-0.25152 ,-0.32145 ,0.27258 ,0.09586 ,0.02139 ,0.02922 ,0.27596 ,-0.04853 ,0.00194 ,-0.29664 ,-0.02732 ,0.19537 ,0.14581 ,0.42087 ,-0.02577 ,-0.47516 ,0.62426 ,0.22029 ,0.10314 ,-0.27277 ,-0.32716 ,0.42102 ,0.05237 ,-0.32181 ,0.06741 ,0.15068 ,0.12406 ,0.51871 ,-0.07157 ,-0.17770 ,0.04545 ,0.50254 ,0.47562 ,0.22554 ,0.22903 ,0.32779 ,0.40198 ,-0.00212 ,-0.20633 ,0.09698 ,0.27012 ,0.07402 ,0.22458 ,0.40037 ,0.42709 ,-0.47936 ,0.05433 ,0.45102 ,0.09914 ,-0.40184 ,-0.17561 ,0.15260 ,0.27718 ,0.15039 ,0.07372 ,0.42620 ,0.17501 ,-0.12558 ,0.37682 ,0.07518 ,0.00488 ,0.12172 ,0.14935 ,0.12435 ,0.47493 ,-0.07230 ,0.05127 ,-0.24972 ,0.52324 ,0.12498 ,-0.19987 ,0.34422 ,0.42366 ,-0.42758 ,0.40197 ,0.27970 ,-0.20379 
0.00592 ,0.28125 ,0.31932 ,-0.07884 ,0.03222 ,1.00000 ,0.70363 ,0.92473 ,1.00000 ,0.63467 ,0.85251 ,1.00000 ,0.69523 ,0.78120 ,0.76892 ,0.70188 ,0.85197 ,0.75122 ,0.92621 ,0.80534 ,0.90051 ,0.65092 ,0.97535 ,0.80411 ,0.67764 ,0.85338 ,0.75629 ,0.78040 ,0.90049 ,0.92673 ,0.72153 ,0.65293 ,0.64935 ,0.95094 ,0.83002 ,0.62365 ,0.90062 ,0.94928 ,0.92508 ,0.63201 ,0.87924 ,0.68477 ,0.66917 ,0.75311 ,0.85165 ,0.89935 ,0.68378 ,0.87534 ,0.82975 ,0.69892 ,1.00000 ,0.90182 ,-0.87500 ,-0.72059 ,-0.61482 ,-0.66887 ,-0.84942 ,-0.72070 ,-0.51476 ,-0.51402 ,-0.87500 ,-0.51532 ,-0.74607 ,-0.61710 ,-0.61764 ,-0.58957 ,-0.72084 ,-0.64600 ,-0.59265 ,-0.48886 ,-0.64544 ,-0.59112 ,-0.56147 ,-0.53897 ,-0.61755 ,-0.69493 ,-0.72281 ,-0.56707 ,-0.69466 ,-0.64316 ,-0.56599 ,-0.53897 ,-0.72098 ,-0.61476 ,-0.79749 ,-0.50635 ,-0.66779 ,-0.71759 ,-0.56880 ,-0.77176 ,-0.59220 ,-0.49034 ,-0.79606 ,-0.64516 ,-0.51225 ,-0.49089 ,-0.53475 ,-0.54200 ,-0.82416 ,-0.56605 
0.19369 ,0.43094 ,0.08044 ,-0.17313 ,-0.13389 ,0.72039 ,1.00000 ,0.77118 ,0.79634 ,0.92330 ,1.00000 ,0.92453 ,0.71896 ,0.84877 ,0.89793 ,0.85024 ,0.87445 ,0.72110 ,0.62441 ,0.77103 ,0.92484 ,0.61876 ,0.87283 ,0.97449 ,0.87561 ,0.79005 ,0.67322 ,0.94855 ,0.94975 ,0.84326 ,0.79821 ,0.72186 ,0.67572 ,0.62650 ,0.92258 ,0.65272 ,0.92345 ,0.61866 ,0.75038 ,0.74153 ,0.87375 ,0.70079 ,0.82009 ,0.66913 ,0.92403 ,0.87246 ,0.84541 ,1.00000 ,0.87529 ,0.94866 ,0.97527 ,0.65042 ,-0.49970 ,-0.76890 ,-0.66477 ,-0.47865 ,-0.82243 ,-0.60961 ,-0.84862 ,-0.50687 ,-0.52510 ,-0.58285 ,-0.50082 ,-0.69020 ,-0.55569 ,-0.79508 ,-0.69009 ,-0.84858 ,-0.84851 ,-0.53055 ,-0.69164 ,-0.71680 ,-0.58586 ,-0.87500 ,-0.87500 ,-0.61062 ,-0.74402 ,-0.68763 ,-0.68984 ,-0.60876 ,-0.50478 ,-0.69171 ,-0.58878 ,-0.61282 ,-0.82217 ,-0.69067 ,-0.74212 ,-0.56086 ,-0.66630 ,-0.55666 ,-0.66104 ,-0.69117 ,-0.82161 ,-0.79581 ,-0.68913 ,-0.87500 ,-0.79652 ,-0.55552 ,-0.56433 ,-0.63974 
-0.06742 ,-0.06348 ,0.10887 ,0.24229 ,-0.20571 ,0.79700 ,0.70504 ,1.00000 ,0.72393 ,0.74582 ,0.90311 ,0.75270 ,0.87723 ,0.76933 ,0.69789 ,0.92669 ,0.82620 ,0.64173 ,0.97550 ,0.72453 ,0.89870 ,0.80117 ,0.77735 ,0.90167 ,0.77615 ,0.63877 ,0.62254 ,0.82573 ,0.77426 ,0.69718 ,1.00000 ,0.75273 ,0.82993 ,0.87730 ,0.80126 ,1.00000 ,0.70286 ,0.65029 ,0.72692 ,0.69739 ,0.63005 ,0.77390 ,0.69823 ,0.92387 ,0.69617 ,0.72251 ,0.89932 ,0.95066 ,0.72696 ,0.75276 ,0.72660 ,0.70978 ,-0.56678 ,-0.77260 ,-0.59459 ,-0.54105 ,-0.77083 ,-0.59560 ,-0.54183 ,-0.56941 ,-0.49024 ,-0.64627 ,-0.87500 ,-0.56435 ,-0.54003 ,-0.48770 ,-0.64056 ,-0.49437 ,-0.60949 ,-0.76868 ,-0.51840 ,-0.69507 ,-0.53917 ,-0.82368 ,-0.72209 ,-0.54246 ,-0.54594 ,-0.64385 ,-0.64361 ,-0.61459 ,-0.56951 ,-0.59225 ,-0.64586 ,-0.51278 ,-0.84932 ,-0.67028 ,-0.87500 ,-0.69519 ,-0.59042 ,-0.84944 ,-0.61851 ,-0.53862 ,-0.82268 ,-0.69079 ,-0.69487 ,-0.79808 ,-0.79756 ,-0.54181 ,-0.82431 ,-0.79825 
0.22016 ,0.03335 ,0.24264 ,0.22567 ,-0.19700 ,0.70630 ,0.64809 ,0.61836 ,1.00000 ,0.67072 ,0.84769 ,0.66799 ,0.60862 ,0.62429 ,0.74745 ,0.89995 ,0.72448 ,0.92543 ,0.70043 ,0.92630 ,0.80056 ,0.77750 ,0.72708 ,0.64994 ,0.84912 ,0.89875 ,0.62799 ,0.87571 ,0.62099 ,0.80296 ,0.87429 ,0.97493 ,0.73791 ,0.97477 ,0.80006 ,0.92374 ,0.82454 ,0.72286 ,0.75083 ,0.64770 ,0.75230 ,0.62628 ,0.61910 ,0.89884 ,0.95062 ,0.82450 ,0.69416 ,0.61875 ,0.65284 ,0.75373 ,0.97499 ,0.74643 ,-0.74102 ,-0.79695 ,-0.53765 ,-0.71835 ,-0.48010 ,-0.51489 ,-0.58885 ,-0.53442 ,-0.69097 ,-0.84905 ,-0.66733 ,-0.58637 ,-0.76969 ,-0.53574 ,-0.77063 ,-0.64252 ,-0.79652 ,-0.47487 ,-0.87500 ,-0.58637 ,-0.55977 ,-0.87500 ,-0.77146 ,-0.84884 ,-0.79797 ,-0.64084 ,-0.79599 ,-0.66546 ,-0.87500 ,-0.76791 ,-0.63921 ,-0.71866 ,-0.63903 ,-0.58605 ,-0.79708 ,-0.69274 ,-0.74453 ,-0.79655 ,-0.71831 ,-0.84897 ,-0.82288 ,-0.69605 ,-0.71808 ,-0.77081 ,-0.63509 ,-0.74410 ,-0.61555 ,-0.66358 
0.05111 ,-0.03433 ,0.20947 ,-0.12993 ,-0.14532 ,0.65377 ,0.74268 ,0.69645 ,0.95013 ,1.00000 ,0.97487 ,0.77396 ,0.61283 ,0.69731 ,1.00000 ,0.74839 ,0.84944 ,0.95027 ,0.70010 ,0.87248 ,0.79434 ,0.71939 ,0.89998 ,0.65524 ,0.72330 ,0.79875 ,0.67997 ,0.94972 ,0.94936 ,1.00000 ,0.61495 ,0.87191 ,1.00000 ,0.97486 ,1.00000 ,0.61746 ,0.66766 ,1.00000 ,1.00000 ,0.64584 ,0.85035 ,0.77773 ,0.89917 ,1.00000 ,0.97549 ,0.79689 ,0.92655 ,0.61969 ,0.90025 ,1.00000 ,0.87608 ,0.92369 ,-0.48543 ,-0.48722 ,-0.61326 ,-0.66173 ,-0.79724 ,-0.53662 ,-0.61469 ,-0.84928 ,-0.61565 ,-0.71847 ,-0.76994 ,-0.87500 ,-0.79734 ,-0.64035 ,-0.87500 ,-0.69526 ,-0.82245 ,-0.64054 ,-0.79595 ,-0.79703 ,-0.51004 ,-0.69342 ,-0.48757 ,-0.51287 ,-0.64440 ,-0.69201 ,-0.84881 ,-0.51203 ,-0.64316 ,-0.69185 ,-0.77156 ,-0.61591 ,-0.79741 ,-0.64569 ,-0.71786 ,-0.82307 ,-0.69487 ,-0.56498 ,-0.69024 ,-0.69438 ,-0.58324 ,-0.51932 ,-0.52773 ,-0.74555 ,-0.77121 ,-0.61569 ,-0.79702 ,-0.72022 
0.37653 ,0.50310 ,0.09474 ,-0.22693 ,-0.12414 ,0.87913 ,1.00000 ,0.71084 ,0.87894 ,0.75248 ,1.00000 ,0.95015 ,0.70421 ,0.75545 ,0.80029 ,1.00000 ,0.72745 ,0.80298 ,0.80723 ,0.63213 ,0.82996 ,0.85527 ,0.92708 ,1.00000 ,0.75807 ,0.67599 ,0.76091 ,0.82951 ,0.70367 ,0.77972 ,0.83091 ,0.90271 ,0.78536 ,0.95194 ,0.82967 ,0.80622 ,0.92708 ,0.80858 ,0.95170 ,0.67672 ,0.92804 ,0.88067 ,0.66120 ,0.62605 ,0.75859 ,0.73527 ,0.87790 ,0.66572 ,0.95179 ,0.97600 ,0.81221 ,0.97617 ,-0.84983 ,-0.77464 ,-0.57371 ,-0.49683 ,-0.79753 ,-0.77540 ,-0.57386 ,-0.62368 ,-0.57586 ,-0.69780 ,-0.67212 ,-0.52352 ,-0.61930 ,-0.64765 ,-0.79866 ,-0.54590 ,-0.70012 ,-0.54538 ,-0.70123 ,-0.74851 ,-0.87500 ,-0.79821 ,-0.84967 ,-0.69934 ,-0.49493 ,-0.55104 ,-0.77469 ,-0.56801 ,-0.56923 ,-0.77529 ,-0.60257 ,-0.50286 ,-0.50063 ,-0.87500 ,-0.62468 ,-0.60166 ,-0.80088 ,-0.69881 ,-0.82397 ,-0.72560 ,-0.62369 ,-0.62752 ,-0.49682 ,-0.64907 ,-0.75027 ,-0.79899 ,-0.67859 ,-0.74775 
0.09299 ,0.22495 ,0.34205 ,0.06228 ,-0.20523 ,0.82572 ,0.95113 ,0.65623 ,0.82436 ,0.79715 ,0.95043 ,1.00000 ,0.64932 ,0.79703 ,0.74269 ,0.95012 ,0.77127 ,0.74723 ,0.74922 ,0.67128 ,0.87550 ,0.90000 ,0.97495 ,0.95083 ,0.79800 ,0.61457 ,0.80274 ,0.87324 ,0.64350 ,0.72088 ,0.87622 ,0.84974 ,0.73321 ,1.00000 ,0.87487 ,0.75106 ,0.97547 ,0.74918 ,1.00000 ,0.61526 ,0.97510 ,0.82708 ,0.69966 ,0.66505 ,0.80214 ,0.77383 ,0.82456 ,0.69927 ,1.00000 ,0.92536 ,0.75622 ,0.92543 ,-0.79593 ,-0.71703 ,-0.50645 ,-0.53122 ,-0.84795 ,-0.71929 ,-0.50658 ,-0.66434 ,-0.50998 ,-0.74273 ,-0.60981 ,-0.55963 ,-0.66021 ,-0.58339 ,-0.84838 ,-0.47872 ,-0.74421 ,-0.47756 ,-0.74470 ,-0.68950 ,-0.82194 ,-0.84827 ,-0.79543 ,-0.74279 ,-0.53155 ,-0.48237 ,-0.71757 ,-0.50008 ,-0.50263 ,-0.71715 ,-0.64012 ,-0.53630 ,-0.53349 ,-0.82339 ,-0.66493 ,-0.64008 ,-0.84900 ,-0.74295 ,-0.87500 ,-0.77030 ,-0.66435 ,-0.66905 ,-0.53128 ,-0.58573 ,-0.69014 ,-0.84844 ,-0.61734 ,-0.68707 
0.06965 ,-0.19211 ,0.09301 ,-0.21670 ,-0.21094 ,0.71471 ,0.67110 ,0.64084 ,0.87142 ,0.76716 ,0.77067 ,0.89974 ,1.00000 ,0.87088 ,0.60369 ,0.61183 ,0.63687 ,0.79332 ,0.92286 ,0.97388 ,0.97455 ,0.79364 ,1.00000 ,0.77287 ,0.89856 ,0.71428 ,0.94788 ,0.92204 ,0.61471 ,0.92068 ,0.87403 ,0.89819 ,0.87508 ,0.69617 ,0.79526 ,0.74322 ,0.82401 ,0.97426 ,0.77124 ,0.94805 ,0.89668 ,0.97431 ,0.65739 ,1.00000 ,0.94898 ,0.97440 ,0.63897 ,0.84631 ,0.74306 ,0.97382 ,0.84869 ,1.00000 ,-0.87500 ,-0.60915 ,-0.74212 ,-0.79598 ,-0.63622 ,-0.79649 ,-0.50564 ,-0.84884 ,-0.76867 ,-0.71620 ,-0.63702 ,-0.68994 ,-0.68991 ,-0.50508 ,-0.71644 ,-0.50993 ,-0.66416 ,-0.55724 ,-0.58357 ,-0.68708 ,-0.82212 ,-0.66432 ,-0.47850 ,-0.63640 ,-0.58570 ,-0.52637 ,-0.60758 ,-0.74399 ,-0.87500 ,-0.47464 ,-0.53240 ,-0.74271 ,-0.69135 ,-0.56026 ,-0.49923 ,-0.57850 ,-0.76885 ,-0.71524 ,-0.63889 ,-0.71767 ,-0.58237 ,-0.69196 ,-0.84846 ,-0.58066 ,-0.76786 ,-0.61178 ,-0.66075 ,-0.63445 
0.16493 ,0.08592 ,0.45319 ,-0.01247 ,-0.09065 ,0.74922 ,0.67546 ,0.64096 ,0.95080 ,0.84978 ,0.32592 ,0.87292 ,0.33828 ,1.00000 ,0.62546 ,0.67808 ,0.42061 ,0.52539 ,0.45680 ,0.63839 ,0.39795 ,0.95102 ,0.75375 ,0.42453 ,0.92641 ,0.50864 ,0.77494 ,0.62619 ,1.00000 ,0.65645 ,0.44637 ,0.61670 ,0.29123 ,0.40438 ,0.63810 ,0.52457 ,0.52762 ,0.46942 ,0.80149 ,0.82658 ,0.70610 ,0.80514 ,0.87303 ,0.61747 ,0.65273 ,0.82612 ,0.59782 ,0.50044 ,0.82681 ,0.60694 ,0.57104 ,0.52820 ,-0.40740 ,-0.48630 ,-0.51353 ,-0.71979 ,-0.17517 ,-0.72161 ,-0.53788 ,-0.72062 ,-0.38821 ,-0.74816 ,-0.36150 ,-0.48953 ,-0.64209 ,-0.64163 ,-0.54466 ,-0.41477 ,-0.66819 ,-0.52841 ,-0.59110 ,-0.30713 ,-0.38944 ,-0.58820 ,-0.46319 ,-0.49177 ,-0.64437 ,-0.71921 ,-0.51731 ,-0.54035 ,-0.36119 ,-0.46041 ,-0.72258 ,-0.48872 ,-0.51357 ,-0.69834 ,-0.51363 ,-0.33270 ,-0.77201 ,-0.54087 ,-0.48557 ,-0.48563 ,-0.22928 ,-0.20607 ,-0.25208 ,-0.43660 ,-0.25715 ,-0.40549 ,-0.46571 ,-0.35991 
-0.14077 ,-0.07387 ,0.03552 ,-0.01240 ,-0.02095 ,0.62052 ,0.77661 ,0.62417 ,0.52433 ,0.67640 ,0.32579 ,0.60308 ,0.75150 ,0.87360 ,1.00000 ,0.52802 ,0.59898 ,0.70582 ,0.60565 ,0.75259 ,0.63229 ,0.74751 ,0.77672 ,0.87830 ,0.60316 ,0.27242 ,0.80230 ,0.62373 ,0.54943 ,0.70049 ,0.57996 ,0.55825 ,0.82598 ,0.45335 ,0.60580 ,0.62605 ,0.35753 ,0.69946 ,0.75010 ,0.74861 ,0.70108 ,0.77780 ,0.77178 ,0.57974 ,0.42921 ,0.35727 ,0.75068 ,0.57686 ,0.55661 ,0.87352 ,0.50612 ,0.67669 ,-0.25110 ,-0.26764 ,-0.61384 ,-0.54178 ,-0.54509 ,-0.38456 ,-0.66696 ,-0.51496 ,-0.31211 ,-0.42222 ,-0.51747 ,-0.77165 ,-0.44012 ,-0.64316 ,-0.11971 ,-0.79981 ,-0.59742 ,-0.59022 ,-0.61745 ,-0.79742 ,-0.58546 ,-0.51553 ,-0.44191 ,-0.24274 ,-0.26152 ,-0.66759 ,-0.28697 ,-0.82385 ,-0.48795 ,-0.40807 ,-0.41427 ,-0.49640 ,-0.54386 ,-0.66694 ,-0.62219 ,-0.15270 ,-0.36503 ,-0.29962 ,-0.51782 ,-0.44340 ,-0.41402 ,-0.55372 ,-0.39190 ,-0.36733 ,-0.69484 ,-0.38738 ,-0.59102 ,-0.69572 
0.28068 ,-0.01655 ,0.30095 ,0.21210 ,-0.24977 ,0.78252 ,0.75700 ,1.00000 ,0.73295 ,0.67836 ,0.78317 ,0.73308 ,0.70398 ,0.66315 ,0.75379 ,1.00000 ,0.63960 ,0.72899 ,0.92839 ,0.92658 ,0.68456 ,0.80675 ,0.92611 ,0.66392 ,0.77661 ,0.75564 ,0.70992 ,0.80419 ,0.97542 ,0.65467 ,0.97576 ,1.00000 ,0.87777 ,0.78663 ,0.97556 ,0.92776 ,0.90304 ,0.92657 ,0.92604 ,0.84976 ,0.71040 ,0.65846 ,0.63094 ,0.87796 ,0.90345 ,0.82947 ,0.77993 ,0.78317 ,0.80802 ,0.73446 ,0.95150 ,0.90259 ,-0.49249 ,-0.82445 ,-0.59961 ,-0.69734 ,-0.59021 ,-0.50152 ,-0.54649 ,-0.84967 ,-0.75019 ,-0.65036 ,-0.67360 ,-0.59701 ,-0.63566 ,-0.57308 ,-0.84901 ,-0.62568 ,-0.82485 ,-0.74918 ,-0.61895 ,-0.72417 ,-0.61331 ,-0.55877 ,-0.82401 ,-0.84972 ,-0.82498 ,-0.69836 ,-0.64781 ,-0.51061 ,-0.77439 ,-0.64877 ,-0.77517 ,-0.64906 ,-0.56640 ,-0.57804 ,-0.59732 ,-0.72297 ,-0.64901 ,-0.48991 ,-0.84992 ,-0.72264 ,-0.69725 ,-0.72706 ,-0.82449 ,-0.62402 ,-0.84979 ,-0.74980 ,-0.59968 ,-0.77349 
-0.18552 ,0.38172 ,-0.08457 ,-0.12599 ,0.02755 ,0.55506 ,0.48137 ,0.57752 ,0.28150 ,0.82593 ,0.58088 ,0.76996 ,0.62036 ,0.92568 ,0.74718 ,0.53007 ,1.00000 ,0.75190 ,0.87662 ,0.75086 ,0.57520 ,0.47710 ,0.52965 ,0.51087 ,0.75542 ,0.72338 ,0.85253 ,0.32240 ,0.79776 ,0.59964 ,0.57845 ,0.57493 ,0.85239 ,0.70306 ,0.67667 ,0.70474 ,0.74911 ,0.70011 ,0.62731 ,0.52042 ,0.48387 ,0.51032 ,0.60076 ,0.53412 ,0.82672 ,0.95066 ,0.47794 ,0.70529 ,0.50792 ,0.46278 ,0.80426 ,0.68148 ,-0.43824 ,-0.10721 ,-0.67008 ,-0.56400 ,-0.41120 ,-0.29146 ,-0.69607 ,-0.51966 ,-0.54466 ,-0.43878 ,-0.54192 ,-0.64473 ,-0.64096 ,-0.61750 ,-0.33838 ,-0.64409 ,-0.46701 ,-0.59054 ,-0.52046 ,-0.36045 ,-0.35840 ,-0.48774 ,-0.33928 ,-0.46400 ,-0.38909 ,-0.41184 ,-0.49308 ,-0.59084 ,-0.38680 ,-0.13252 ,-0.69831 ,-0.57144 ,-0.74715 ,-0.24100 ,-0.46870 ,-0.51830 ,-0.29158 ,-0.23720 ,-0.30920 ,-0.23747 ,-0.51508 ,-0.82444 ,-0.61799 ,-0.82388 ,-0.35996 ,-0.40674 ,-0.54860 ,-0.12960 
-0.03673 ,0.23106 ,0.11236 ,-0.11136 ,-0.09573 ,0.69638 ,0.94895 ,0.77129 ,0.71669 ,0.89996 ,0.94962 ,0.87354 ,0.84365 ,0.62231 ,0.82189 ,0.84724 ,0.89882 ,1.00000 ,0.82103 ,0.79899 ,0.97425 ,0.79676 ,0.79941 ,0.67220 ,0.61974 ,0.61014 ,0.62729 ,0.92392 ,0.82371 ,0.84639 ,0.94901 ,0.63133 ,0.77194 ,0.87297 ,0.61835 ,0.94961 ,0.72100 ,0.75060 ,0.97465 ,0.94909 ,0.94960 ,0.92487 ,0.65185 ,0.89970 ,0.70091 ,0.64314 ,0.89779 ,0.74337 ,0.89992 ,0.62644 ,0.92466 ,0.89991 ,-0.52681 ,-0.87500 ,-0.87500 ,-0.68531 ,-0.55014 ,-0.84842 ,-0.82125 ,-0.79484 ,-0.65862 ,-0.55398 ,-0.87500 ,-0.60743 ,-0.58097 ,-0.71429 ,-0.82039 ,-0.50404 ,-0.49194 ,-0.68772 ,-0.60832 ,-0.84819 ,-0.71219 ,-0.55349 ,-0.79441 ,-0.79412 ,-0.53184 ,-0.63242 ,-0.73840 ,-0.71464 ,-0.68591 ,-0.68480 ,-0.74219 ,-0.84849 ,-0.50009 ,-0.63521 ,-0.84769 ,-0.58239 ,-0.84774 ,-0.63332 ,-0.87500 ,-0.55048 ,-0.49030 ,-0.69008 ,-0.51980 ,-0.79476 ,-0.71277 ,-0.60144 ,-0.50577 ,-0.52688 
0.20091 ,0.22969 ,-0.13355 ,-0.37768 ,0.10270 ,1.00000 ,1.00000 ,1.00000 ,1.00000 ,1.00000 ,1.00000 ,1.00000 ,1.00000 ,1.00000 ,1.00000 ,1.00000 ,1.00000 ,1.00000 ,1.00000 ,1.00000 ,1.00000 ,1.00000 ,1.00000 ,1.00000 ,1.00000 ,1.00000 ,1.00000 ,1.00000 ,1.00000 ,1.00000 ,1.00000 ,1.00000 ,1.00000 ,1.00000 ,1.00000 ,1.00000 ,1.00000 ,1.00000 ,1.00000 ,1.00000 ,1.00000 ,1.00000 ,1.00000 ,1.00000 ,1.00000 ,1.00000 ,1.00000 ,1.00000 ,1.00000 ,1.00000 ,1.00000 ,1.00000 ,-0.87500 ,-0.87500 ,-0.87500 ,-0.87500 ,-0.87500 ,-0.87500 ,-0.87500 ,-0.87500 ,-0.87500 ,-0.87500 ,-0.87500 ,-0.87500 ,-0.87500 ,-0.87500 ,-0.87500 ,-0.87500 ,-0.87500 ,-0.87500 ,-0.87500 ,-0.87500 ,-0.87500 ,-0.87500 ,-0.87500 ,-0.87500 ,-0.87500 ,-0.87500 ,-0.87500 ,-0.87500 ,-0.87500 ,-0.87500 ,-0.87500 ,-0.87500 ,-0.87500 ,-0.87500 ,-0.87500 ,-0.87500 ,-0.87500 ,-0.87500 ,-0.87500 ,-0.87500 ,-0.87500 ,-0.87500 ,-0.87500 ,-0.87500 ,-0.87500 ,-0.87500 ,-0.87500 ,-0.87500 
0.17120 ,-0.19587 ,-0.14470 ,-0.13413 ,0.03076 ,0.53560 ,0.65012 ,0.64627 ,0.53531 ,0.65120 ,0.65276 ,0.55605 ,0.64767 ,0.36893 ,0.52994 ,0.42843 ,0.53336 ,0.51290 ,0.53337 ,1.00000 ,0.45287 ,0.72946 ,0.45917 ,0.62995 ,0.37570 ,0.44088 ,0.73253 ,0.80416 ,0.40850 ,0.41070 ,0.57813 ,0.45762 ,0.87484 ,0.70343 ,0.68440 ,0.80034 ,0.57724 ,0.67496 ,0.50361 ,0.62915 ,0.46264 ,0.48708 ,0.58023 ,0.65781 ,0.58418 ,0.80121 ,0.40563 ,0.47988 ,0.63599 ,0.73142 ,0.60670 ,0.53052 ,-0.48969 ,-0.35915 ,-0.16100 ,-0.40941 ,-0.53507 ,-0.51964 ,-0.56936 ,-0.87500 ,-0.79848 ,-0.44147 ,-0.46294 ,-0.33583 ,-0.43966 ,-0.67036 ,-0.38758 ,-0.38880 ,-0.62012 ,-0.44210 ,-0.41699 ,-0.41281 ,-0.36288 ,-0.59360 ,-0.46140 ,-0.23828 ,-0.29060 ,-0.31285 ,-0.58700 ,-0.77290 ,-0.79797 ,-0.54230 ,-0.57065 ,-0.54426 ,-0.77316 ,-0.52160 ,-0.31303 ,-0.41527 ,-0.67053 ,-0.26112 ,-0.66836 ,-0.41445 ,-0.43651 ,-0.62301 ,-0.33814 ,-0.45409 ,-0.26278 ,-0.43870 ,-0.44357 ,-0.72288 
0.16180 ,-0.06883 ,-0.03078 ,0.10436 ,-0.09815 ,0.62179 ,0.62019 ,0.77347 ,0.69700 ,0.92400 ,0.84585 ,0.97505 ,0.84878 ,0.92503 ,0.64305 ,0.67721 ,0.72190 ,0.69810 ,0.92461 ,0.82572 ,1.00000 ,0.77420 ,0.64831 ,0.66687 ,0.64901 ,1.00000 ,0.62154 ,0.92269 ,0.64934 ,0.87296 ,0.62539 ,0.87302 ,0.77191 ,0.87509 ,1.00000 ,0.75473 ,0.92559 ,0.87341 ,0.85019 ,0.66674 ,0.63793 ,0.90006 ,0.92337 ,0.72002 ,0.92456 ,0.82251 ,0.87381 ,0.87331 ,0.64378 ,0.75203 ,0.67178 ,0.97492 ,-0.52474 ,-0.48052 ,-0.55795 ,-0.60554 ,-0.76824 ,-0.79596 ,-0.63617 ,-0.77009 ,-0.79639 ,-0.71541 ,-0.79618 ,-0.55747 ,-0.63868 ,-0.48095 ,-0.82205 ,-0.69131 ,-0.53249 ,-0.87500 ,-0.68784 ,-0.84822 ,-0.53321 ,-0.63864 ,-0.82296 ,-0.48006 ,-0.76954 ,-0.47991 ,-0.79622 ,-0.58288 ,-0.76973 ,-0.84827 ,-0.74435 ,-0.84882 ,-0.60826 ,-0.77191 ,-0.77045 ,-0.55316 ,-0.69259 ,-0.76815 ,-0.71698 ,-0.84843 ,-0.76996 ,-0.72080 ,-0.84831 ,-0.76800 ,-0.76905 ,-0.74403 ,-0.66714 ,-0.79615 
0.32120 ,-0.08767 ,-0.17369 ,-0.14058 ,-0.27293 ,0.42660 ,0.77751 ,0.57818 ,0.39723 ,0.61584 ,0.47932 ,0.45598 ,0.64416 ,0.51207 ,0.64983 ,0.70189 ,0.80448 ,0.87721 ,0.63786 ,0.63578 ,0.58396 ,1.00000 ,0.36969 ,0.50615 ,0.80207 ,0.46394 ,0.80361 ,0.83176 ,0.39391 ,0.36397 ,0.77662 ,0.74959 ,0.79965 ,0.34422 ,0.76037 ,0.92629 ,0.63032 ,0.62631 ,0.33226 ,0.77845 ,0.36969 ,0.75309 ,0.77664 ,0.69709 ,0.50466 ,0.45250 ,0.72625 ,0.43305 ,0.53152 ,0.63180 ,0.36282 ,0.41068 ,-0.38594 ,-0.67240 ,-0.66908 ,-0.67050 ,-0.47311 ,-0.62022 ,-0.61437 ,-0.79523 ,-0.31410 ,-0.77172 ,-0.51766 ,-0.56179 ,-0.39690 ,-0.64277 ,-0.36116 ,-0.33323 ,-0.51439 ,-0.84962 ,-0.41366 ,-0.51443 ,-0.61299 ,-0.69401 ,-0.67096 ,-0.51731 ,-0.57172 ,-0.69480 ,-0.38542 ,-0.67158 ,-0.72061 ,-0.59083 ,-0.57020 ,-0.53948 ,-0.15519 ,-0.64768 ,-0.54157 ,-0.61711 ,-0.66394 ,-0.31017 ,-0.51346 ,-0.56285 ,-0.35779 ,-0.56942 ,-0.47820 ,-0.66730 ,-0.48660 ,-0.79969 ,-0.42252 ,-0.74669 
0.08056 ,0.03501 ,0.12134 ,0.06357 ,-0.17391 ,0.85391 ,0.92764 ,0.85548 ,0.72672 ,0.80288 ,0.71336 ,0.83147 ,0.68608 ,0.88156 ,0.75563 ,0.95208 ,0.88026 ,0.77979 ,0.83343 ,0.80942 ,0.85478 ,0.72817 ,1.00000 ,0.68923 ,0.97607 ,0.76030 ,0.90432 ,0.80619 ,0.66192 ,0.76094 ,0.68973 ,0.97601 ,0.75940 ,0.83543 ,1.00000 ,0.71105 ,0.90445 ,0.80140 ,0.85686 ,1.00000 ,0.73448 ,0.83139 ,0.73210 ,0.92705 ,0.64082 ,0.97565 ,0.68618 ,0.76029 ,0.66668 ,1.00000 ,0.73550 ,0.85752 ,-0.62300 ,-0.74930 ,-0.87500 ,-0.85004 ,-0.67532 ,-0.75143 ,-0.54735 ,-0.65089 ,-0.77398 ,-0.77533 ,-0.84913 ,-0.62614 ,-0.52291 ,-0.72108 ,-0.82514 ,-0.59647 ,-0.67608 ,-0.57535 ,-0.52348 ,-0.52083 ,-0.72482 ,-0.69758 ,-0.69879 ,-0.75015 ,-0.67545 ,-0.54956 ,-0.65008 ,-0.67354 ,-0.82538 ,-0.52332 ,-0.82557 ,-0.60078 ,-0.64992 ,-0.82609 ,-0.50148 ,-0.50179 ,-0.50022 ,-0.62234 ,-0.82535 ,-0.67565 ,-0.67487 ,-0.80167 ,-0.64831 ,-0.64904 ,-0.64810 ,-0.72421 ,-0.87500 ,-0.67478 
-0.03418 ,-0.00366 ,0.04125 ,-0.03608 ,-0.02201 ,1.00000 ,1.00000 ,1.00000 ,1.00000 ,1.00000 ,1.00000 ,1.00000 ,1.00000 ,1.00000 ,1.00000 ,1.00000 ,1.00000 ,1.00000 ,1.00000 ,1.00000 ,1.00000 ,1.00000 ,1.00000 ,1.00000 ,1.00000 ,1.00000 ,1.00000 ,1.00000 ,1.00000 ,1.00000 ,1.00000 ,1.00000 ,1.00000 ,1.00000 ,1.00000 ,1.00000 ,1.00000 ,1.00000 ,1.00000 ,1.00000 ,1.00000 ,1.00000 ,1.00000 ,1.00000 ,1.00000 ,1.00000 ,1.00000 ,1.00000 ,1.00000 ,1.00000 ,1.00000 ,1.00000 ,-0.87500 ,-0.87500 ,-0.87500 ,-0.87500 ,-0.87500 ,-0.87500 ,-0.87500 ,-0.87500 ,-0.87500 ,-0.87500 ,-0.87500 ,-0.87500 ,-0.87500 ,-0.87500 ,-0.87500 ,-0.87500 ,-0.87500 ,-0.87500 ,-0.87500 ,-0.87500 ,-0.87500 ,-0.87500 ,-0.87500 ,-0.87500 ,-0.87500 ,-0.87500 ,-0.87500 ,-0.87500 ,-0.87500 ,-0.87500 ,-0.87500 ,-0.87500 ,-0.87500 ,-0.87500 ,-0.87500 ,-0.87500 ,-0.87500 ,-0.87500 ,-0.87500 ,-0.87500 ,-0.87500 ,-0.87500 ,-0.87500 ,-0.87500 ,-0.87500 ,-0.87500 ,-0.87500 ,-0.87500 
0.47738 ,0.32653 ,0.10710 ,-0.17798 ,0.23274 ,0.74508 ,0.92565 ,0.90121 ,0.72049 ,0.74491 ,0.82820 ,0.97503 ,0.61442 ,1.00000 ,0.94932 ,0.92576 ,0.94973 ,0.89939 ,0.72735 ,0.72236 ,0.82302 ,0.92293 ,0.72513 ,0.77419 ,1.00000 ,1.00000 ,1.00000 ,1.00000 ,0.84928 ,0.66419 ,0.94952 ,0.80124 ,0.74862 ,0.64659 ,0.72063 ,0.82207 ,0.92269 ,0.87433 ,0.67703 ,0.74621 ,0.87315 ,0.94934 ,0.87326 ,0.62397 ,0.82262 ,0.87297 ,0.74553 ,0.80627 ,0.87158 ,0.70260 ,0.63073 ,0.82472 ,-0.71781 ,-0.48813 ,-0.72097 ,-0.79742 ,-0.51456 ,-0.48518 ,-0.61284 ,-0.87500 ,-0.69478 ,-0.69427 ,-0.63887 ,-0.72041 ,-0.59129 ,-0.84914 ,-0.84919 ,-0.72014 ,-0.53754 ,-0.51255 ,-0.84911 ,-0.66737 ,-0.66826 ,-0.60850 ,-0.87500 ,-0.82357 ,-0.59365 ,-0.71998 ,-0.66322 ,-0.77036 ,-0.87500 ,-0.82311 ,-0.87500 ,-0.76983 ,-0.71972 ,-0.59308 ,-0.69242 ,-0.74688 ,-0.51782 ,-0.84871 ,-0.56576 ,-0.74668 ,-0.61222 ,-0.69472 ,-0.51175 ,-0.71974 ,-0.79712 ,-0.56658 ,-0.69632 ,-0.56893 
0.11914 ,0.28457 ,0.29084 ,-0.18891 ,-0.03648 ,0.82287 ,0.79401 ,0.58553 ,0.85173 ,0.82132 ,0.49221 ,0.61556 ,0.40673 ,0.60151 ,0.67491 ,0.44930 ,0.71830 ,0.89832 ,0.27108 ,0.85179 ,0.39589 ,0.75255 ,0.52374 ,0.59430 ,0.68974 ,1.00000 ,0.85002 ,0.60126 ,0.67437 ,0.70447 ,0.50722 ,0.84683 ,0.63944 ,0.49642 ,0.57832 ,0.64796 ,0.64561 ,0.61563 ,0.59375 ,0.75133 ,0.64469 ,0.77278 ,0.87328 ,0.43510 ,0.87346 ,0.48860 ,0.62014 ,0.34243 ,0.49729 ,0.67122 ,0.74570 ,0.87346 ,-0.58805 ,-0.53771 ,-0.61649 ,-0.45868 ,-0.43010 ,-0.43501 ,-0.64167 ,-0.56525 ,-0.72037 ,-0.59186 ,-0.48710 ,-0.64181 ,-0.51296 ,-0.69309 ,-0.63913 ,-0.74639 ,-0.46102 ,-0.50543 ,-0.64081 ,-0.53704 ,-0.61568 ,-0.32918 ,-0.59178 ,-0.71965 ,-0.51257 ,-0.51281 ,-0.56335 ,-0.74393 ,-0.46101 ,-0.53588 ,-0.35721 ,-0.48492 ,-0.35618 ,-0.51394 ,-0.25521 ,-0.27687 ,-0.48838 ,-0.20310 ,-0.74517 ,-0.63999 ,-0.19450 ,-0.56377 ,-0.30119 ,-0.35535 ,-0.32792 ,-0.64172 ,-0.51694 ,-0.38310 
0.23686 ,0.15658 ,0.21851 ,-0.06273 ,-0.19812 ,0.63168 ,0.90166 ,0.82630 ,0.75593 ,0.87783 ,0.90222 ,1.00000 ,0.69590 ,0.85368 ,0.97507 ,0.92699 ,0.85092 ,0.87840 ,1.00000 ,0.92678 ,0.90185 ,0.82860 ,0.87592 ,0.80616 ,0.67479 ,0.65547 ,1.00000 ,0.77941 ,0.62762 ,0.72223 ,0.92548 ,0.70709 ,0.67315 ,0.97513 ,0.73308 ,1.00000 ,0.97523 ,0.61683 ,0.97558 ,0.67337 ,0.65705 ,0.71107 ,0.92552 ,0.97549 ,0.75802 ,0.97493 ,0.72223 ,1.00000 ,0.73340 ,0.87947 ,0.75604 ,0.97565 ,-0.48562 ,-0.61318 ,-0.82221 ,-0.71973 ,-0.82187 ,-0.61739 ,-0.61682 ,-0.82281 ,-0.79781 ,-0.61890 ,-0.82337 ,-0.84884 ,-0.50855 ,-0.56398 ,-0.77178 ,-0.77239 ,-0.54020 ,-0.51304 ,-0.74583 ,-0.59118 ,-0.48490 ,-0.61649 ,-0.54050 ,-0.76951 ,-0.79640 ,-0.66621 ,-0.53513 ,-0.74464 ,-0.64330 ,-0.66490 ,-0.59132 ,-0.87500 ,-0.47341 ,-0.82391 ,-0.82286 ,-0.56500 ,-0.51425 ,-0.71902 ,-0.56204 ,-0.48792 ,-0.66491 ,-0.67302 ,-0.66152 ,-0.66731 ,-0.50885 ,-0.61690 ,-0.77302 ,-0.79740 
0.27558 ,0.49511 ,-0.03310 ,-0.47042 ,0.01106 ,0.92686 ,0.87785 ,0.97531 ,1.00000 ,0.67585 ,0.62882 ,0.87558 ,0.72169 ,0.75439 ,0.77422 ,0.92705 ,0.83029 ,0.77929 ,1.00000 ,0.75604 ,0.65565 ,0.83176 ,0.82981 ,0.63330 ,0.90272 ,0.87737 ,0.97597 ,1.00000 ,0.78104 ,0.77821 ,0.63054 ,0.90101 ,0.65541 ,0.87530 ,0.65371 ,0.92658 ,0.90048 ,0.70442 ,0.74770 ,0.63979 ,0.95234 ,0.95187 ,0.85546 ,1.00000 ,0.82891 ,0.84905 ,0.72545 ,0.82474 ,0.87278 ,1.00000 ,0.97543 ,0.87475 ,-0.82344 ,-0.87500 ,-0.79811 ,-0.84917 ,-0.48331 ,-0.59283 ,-0.66914 ,-0.64555 ,-0.67051 ,-0.64495 ,-0.59255 ,-0.87500 ,-0.77100 ,-0.79717 ,-0.48443 ,-0.74613 ,-0.74571 ,-0.71489 ,-0.77322 ,-0.87500 ,-0.61102 ,-0.56347 ,-0.74556 ,-0.74329 ,-0.61562 ,-0.48471 ,-0.47766 ,-0.67009 ,-0.53951 ,-0.66790 ,-0.79822 ,-0.59436 ,-0.58922 ,-0.62065 ,-0.74663 ,-0.71974 ,-0.74834 ,-0.82301 ,-0.48355 ,-0.51166 ,-0.61815 ,-0.72242 ,-0.53902 ,-0.61170 ,-0.87500 ,-0.87500 ,-0.59555 ,-0.87500 
-0.01788 ,0.21835 ,0.01225 ,-0.12791 ,0.03309 ,0.92595 ,0.97524 ,1.00000 ,0.62099 ,0.94907 ,0.77378 ,0.94967 ,1.00000 ,1.00000 ,0.87190 ,0.72723 ,0.90005 ,0.70484 ,0.92557 ,0.70550 ,0.82933 ,0.85243 ,0.90225 ,0.97523 ,0.77703 ,0.72080 ,1.00000 ,0.75051 ,1.00000 ,0.82682 ,0.75229 ,0.65342 ,0.87085 ,0.65047 ,0.82301 ,0.70097 ,0.80308 ,0.90044 ,0.87725 ,0.97476 ,0.87611 ,1.00000 ,1.00000 ,0.72029 ,0.67785 ,0.80181 ,0.92313 ,1.00000 ,0.97511 ,0.87746 ,0.65332 ,0.87446 ,-0.60310 ,-0.56254 ,-0.82306 ,-0.63983 ,-0.87500 ,-0.84926 ,-0.77086 ,-0.82256 ,-0.66450 ,-0.51147 ,-0.69315 ,-0.76995 ,-0.58514 ,-0.82276 ,-0.58775 ,-0.71990 ,-0.56084 ,-0.87500 ,-0.47599 ,-0.76995 ,-0.79612 ,-0.48182 ,-0.59006 ,-0.50850 ,-0.56669 ,-0.71877 ,-0.55866 ,-0.69150 ,-0.48221 ,-0.58021 ,-0.71768 ,-0.64031 ,-0.71755 ,-0.76984 ,-0.56306 ,-0.66654 ,-0.61384 ,-0.56093 ,-0.63976 ,-0.51035 ,-0.53591 ,-0.67036 ,-0.63943 ,-0.58825 ,-0.71490 ,-0.61298 ,-0.74518 ,-0.68984 
0.04275 ,0.07701 ,0.00234 ,-0.36994 ,-0.04032 ,0.80084 ,0.64187 ,0.66018 ,0.85260 ,0.74887 ,0.74581 ,0.82345 ,0.92101 ,0.85188 ,0.69053 ,0.69418 ,0.66742 ,0.72410 ,1.00000 ,0.94958 ,0.94986 ,0.72771 ,0.92416 ,0.74903 ,0.82272 ,0.80202 ,0.97463 ,1.00000 ,0.70183 ,1.00000 ,0.84706 ,0.82448 ,0.84740 ,0.62512 ,0.72810 ,0.77143 ,0.89824 ,0.94941 ,0.74578 ,0.97517 ,0.82672 ,0.95031 ,0.64238 ,0.92446 ,0.97508 ,0.94933 ,0.67547 ,0.87313 ,0.77321 ,0.94922 ,0.87465 ,0.92351 ,-0.79703 ,-0.64031 ,-0.72114 ,-0.87500 ,-0.61603 ,-0.87500 ,-0.53603 ,-0.82300 ,-0.68989 ,-0.74189 ,-0.61521 ,-0.77212 ,-0.77095 ,-0.53598 ,-0.74487 ,-0.53875 ,-0.58987 ,-0.48339 ,-0.66730 ,-0.76925 ,-0.84924 ,-0.58846 ,-0.56099 ,-0.60972 ,-0.67000 ,-0.50890 ,-0.63570 ,-0.71998 ,-0.79568 ,-0.56267 ,-0.50813 ,-0.72043 ,-0.77132 ,-0.49114 ,-0.53195 ,-0.66466 ,-0.69105 ,-0.74550 ,-0.61852 ,-0.74648 ,-0.66507 ,-0.77191 ,-0.82289 ,-0.66494 ,-0.69233 ,-0.64478 ,-0.58877 ,-0.61345 
0.09445 ,0.25623 ,0.05279 ,0.00241 ,0.08036 ,0.74805 ,0.97565 ,1.00000 ,0.62238 ,0.94915 ,0.65512 ,0.82727 ,0.75231 ,0.87385 ,0.61975 ,0.97473 ,0.65379 ,0.69978 ,0.70359 ,0.92408 ,0.72467 ,0.69886 ,0.97539 ,0.65258 ,0.77369 ,0.82301 ,0.67657 ,0.62132 ,0.62564 ,0.94882 ,1.00000 ,1.00000 ,1.00000 ,0.80013 ,0.77642 ,0.70186 ,0.79940 ,0.97492 ,0.90170 ,0.82255 ,0.67387 ,0.74889 ,0.89727 ,0.92477 ,0.69632 ,0.61624 ,0.64709 ,0.65463 ,0.90015 ,0.75002 ,0.95006 ,0.75123 ,-0.77102 ,-0.87500 ,-0.66833 ,-0.84887 ,-0.53762 ,-0.56740 ,-0.84888 ,-0.61510 ,-0.66326 ,-0.61159 ,-0.84912 ,-0.74398 ,-0.84906 ,-0.51175 ,-0.74483 ,-0.48740 ,-0.55540 ,-0.63876 ,-0.59232 ,-0.50078 ,-0.69329 ,-0.59004 ,-0.74657 ,-0.69418 ,-0.82366 ,-0.53678 ,-0.63532 ,-0.84902 ,-0.84918 ,-0.84909 ,-0.79784 ,-0.87500 ,-0.71859 ,-0.54349 ,-0.69445 ,-0.51072 ,-0.87500 ,-0.55755 ,-0.84865 ,-0.64324 ,-0.55670 ,-0.84890 ,-0.66592 ,-0.69066 ,-0.77115 ,-0.64267 ,-0.64399 ,-0.51364 
-0.11848 ,0.04692 ,0.11834 ,0.09556 ,0.05471 ,1.00000 ,1.00000 ,1.00000 ,1.00000 ,1.00000 ,1.00000 ,1.00000 ,1.00000 ,1.00000 ,1.00000 ,1.00000 ,1.00000 ,1.00000 ,1.00000 ,1.00000 ,1.00000 ,1.00000 ,1.00000 ,1.00000 ,1.00000 ,1.00000 ,1.00000 ,1.00000 ,1.00000 ,1.00000 ,1.00000 ,1.00000 ,1.00000 ,1.00000 ,1.00000 ,1.00000 ,1.00000 ,1.00000 ,1.00000 ,1.00000 ,1.00000 ,1.00000 ,1.00000 ,1.00000 ,1.00000 ,1.00000 ,1.00000 ,1.00000 ,1.00000 ,1.00000 ,1.00000 ,1.00000 ,-0.87500 ,-0.87500 ,-0.87500 ,-0.87500 ,-0.87500 ,-0.87500 ,-0.87500 ,-0.87500 ,-0.87500 ,-0.87500 ,-0.87500 ,-0.87500 ,-0.87500 ,-0.87500 ,-0.87500 ,-0.87500 ,-0.87500 ,-0.87500 ,-0.87500 ,-0.87500 ,-0.87500 ,-0.87500 ,-0.87500 ,-0.87500 ,-0.87500 ,-0.87500 ,-0.87500 ,-0.87500 ,-0.87500 ,-0.87500 ,-0.87500 ,-0.87500 ,-0.87500 ,-0.87500 ,-0.87500 ,-0.87500 ,-0.87500 ,-0.87500 ,-0.87500 ,-0.87500 ,-0.87500 ,-0.87500 ,-0.87500 ,-0.87500 ,-0.87500 ,-0.87500 ,-0.87500 ,-0.87500 
0.24794 ,0.19597 ,-0.05511 ,-0.09744 ,0.00101 ,1.00000 ,1.00000 ,1.00000 ,1.00000 ,1.00000 ,1.00000 ,1.00000 ,1.00000 ,1.00000 ,1.00000 ,1.00000 ,1.00000 ,1.00000 ,1.00000 ,1.00000 ,1.00000 ,1.00000 ,1.00000 ,1.00000 ,1.00000 ,1.00000 ,1.00000 ,1.00000 ,1.00000 ,1.00000 ,1.00000 ,1.00000 ,1.00000 ,1.00000 ,1.00000 ,1.00000 ,1.00000 ,1.00000 ,1.00000 ,1.00000 ,1.00000 ,1.00000 ,1.00000 ,1.00000 ,1.00000 ,1.00000 ,1.00000 ,1.00000 ,1.00000 ,1.00000 ,1.00000 ,1.00000 ,-0.87500 ,-0.87500 ,-0.87500 ,-0.87500 ,-0.87500 ,-0.87500 ,-0.87500 ,-0.87500 ,-0.87500 ,-0.87500 ,-0.87500 ,-0.87500 ,-0.87500 ,-0.87500 ,-0.87500 ,-0.87500 ,-0.87500 ,-0.87500 ,-0.87500 ,-0.87500 ,-0.87500 ,-0.87500 ,-0.87500 ,-0.87500 ,-0.87500 ,-0.87500 ,-0.87500 ,-0.87500 ,-0.87500 ,-0.87500 ,-0.87500 ,-0.87500 ,-0.87500 ,-0.87500 ,-0.87500 ,-0.87500 ,-0.87500 ,-0.87500 ,-0.87500 ,-0.87500 ,-0.87500 ,-0.87500 ,-0.87500 ,-0.87500 ,-0.87500 ,-0.87500 ,-0.87500 ,-0.87500 
-0.10328 ,0.15603 ,0.01609 ,-0.09235 ,-0.25440 ,0.90027 ,0.68082 ,0.75331 ,0.87566 ,0.90042 ,0.78036 ,0.63180 ,0.97470 ,0.65240 ,0.70382 ,0.68661 ,0.70022 ,0.75324 ,0.87861 ,0.87724 ,0.77610 ,0.67348 ,0.87841 ,0.82875 ,0.64656 ,0.65263 ,0.65626 ,0.65289 ,0.80232 ,0.92422 ,0.69962 ,0.85302 ,0.90022 ,1.00000 ,0.87663 ,0.77354 ,0.67236 ,0.72395 ,0.92669 ,0.89956 ,0.72489 ,0.70079 ,0.72265 ,0.97530 ,0.77720 ,0.71943 ,0.90040 ,0.85258 ,0.72337 ,0.95114 ,0.97574 ,0.77674 ,-0.66668 ,-0.84932 ,-0.67061 ,-0.54032 ,-0.87500 ,-0.84930 ,-0.77063 ,-0.51408 ,-0.64505 ,-0.64441 ,-0.69263 ,-0.67025 ,-0.74639 ,-0.48861 ,-0.49042 ,-0.67035 ,-0.79763 ,-0.87500 ,-0.48810 ,-0.72014 ,-0.72007 ,-0.76879 ,-0.51694 ,-0.56636 ,-0.74835 ,-0.66902 ,-0.71727 ,-0.61488 ,-0.51155 ,-0.56388 ,-0.51798 ,-0.61115 ,-0.66821 ,-0.74792 ,-0.64126 ,-0.59410 ,-0.87500 ,-0.48223 ,-0.82382 ,-0.59341 ,-0.77048 ,-0.64582 ,-0.87500 ,-0.66918 ,-0.53667 ,-0.82383 ,-0.64623 ,-0.82302 
0.01112 ,0.23528 ,0.03535 ,0.01642 ,0.00541 ,0.90368 ,0.85289 ,0.82628 ,0.80006 ,0.87606 ,0.65322 ,0.87540 ,0.82312 ,0.82884 ,0.94923 ,0.70751 ,0.92671 ,0.73131 ,0.90272 ,0.73698 ,1.00000 ,0.97574 ,0.92789 ,0.85366 ,0.65662 ,0.70326 ,0.82986 ,0.68215 ,0.82301 ,1.00000 ,0.68116 ,0.77902 ,0.94883 ,0.77844 ,1.00000 ,0.72344 ,0.63444 ,0.92528 ,0.95126 ,0.85254 ,0.95135 ,0.82870 ,0.82513 ,0.70309 ,0.75871 ,0.63266 ,0.89973 ,0.82636 ,0.85470 ,0.95131 ,0.78045 ,0.95052 ,-0.53050 ,-0.59726 ,-0.74907 ,-0.52027 ,-0.69608 ,-0.72521 ,-0.79926 ,-0.74783 ,-0.49210 ,-0.64833 ,-0.87500 ,-0.79859 ,-0.56830 ,-0.74836 ,-0.57111 ,-0.84993 ,-0.59569 ,-0.69367 ,-0.66851 ,-0.79858 ,-0.77301 ,-0.67163 ,-0.57353 ,-0.64650 ,-0.60089 ,-0.84975 ,-0.59374 ,-0.87500 ,-0.67179 ,-0.56298 ,-0.84956 ,-0.52087 ,-0.84955 ,-0.79845 ,-0.59768 ,-0.49591 ,-0.54566 ,-0.59579 ,-0.52009 ,-0.64765 ,-0.62206 ,-0.50267 ,-0.51967 ,-0.57162 ,-0.84911 ,-0.54461 ,-0.82461 ,-0.87500 
0.12951 ,0.16124 ,0.34022 ,0.02312 ,0.08080 ,0.87410 ,0.82736 ,0.87437 ,0.89896 ,0.64023 ,1.00000 ,1.00000 ,0.61463 ,0.94938 ,0.64660 ,0.70215 ,0.67260 ,0.62278 ,0.85104 ,0.97449 ,1.00000 ,0.62339 ,1.00000 ,0.80019 ,0.84774 ,0.69154 ,0.72584 ,0.61798 ,0.87692 ,0.64141 ,0.94938 ,0.74978 ,0.66998 ,0.75331 ,0.89927 ,1.00000 ,1.00000 ,0.79976 ,0.92576 ,0.87162 ,0.79762 ,0.77582 ,1.00000 ,0.69625 ,0.69954 ,0.77480 ,0.62231 ,0.67414 ,1.00000 ,0.87647 ,0.62117 ,0.89966 ,-0.53134 ,-0.79578 ,-0.87500 ,-0.71576 ,-0.79608 ,-0.61072 ,-0.79597 ,-0.53363 ,-0.74378 ,-0.87500 ,-0.87500 ,-0.63739 ,-0.55560 ,-0.87500 ,-0.79548 ,-0.53487 ,-0.84862 ,-0.47803 ,-0.87500 ,-0.74362 ,-0.63696 ,-0.79589 ,-0.74399 ,-0.55676 ,-0.66231 ,-0.74297 ,-0.65799 ,-0.63539 ,-0.69002 ,-0.63631 ,-0.58706 ,-0.87500 ,-0.76760 ,-0.84845 ,-0.74361 ,-0.77014 ,-0.71747 ,-0.60844 ,-0.47458 ,-0.68582 ,-0.55889 ,-0.79772 ,-0.57934 ,-0.76936 ,-0.74143 ,-0.87500 ,-0.56207 ,-0.55922 
0.26327 ,0.02269 ,0.13167 ,0.00634 ,-0.25560 ,0.69922 ,0.95127 ,0.97548 ,0.65320 ,0.71897 ,0.80010 ,0.68434 ,0.77950 ,0.80158 ,0.95038 ,0.62722 ,0.87532 ,0.90089 ,0.82794 ,0.70625 ,0.95011 ,0.87150 ,0.66060 ,0.72834 ,1.00000 ,0.72592 ,0.97505 ,0.87541 ,0.75555 ,0.79751 ,0.97566 ,0.62773 ,0.68552 ,0.75718 ,0.90090 ,0.82884 ,1.00000 ,0.84854 ,0.73151 ,0.67633 ,0.75302 ,0.95026 ,0.92424 ,0.67043 ,0.77729 ,0.77260 ,0.67543 ,0.77616 ,0.62808 ,0.80265 ,0.77780 ,0.72920 ,-0.87500 ,-0.74406 ,-0.84902 ,-0.68822 ,-0.76924 ,-0.69466 ,-0.48349 ,-0.71504 ,-0.54027 ,-0.84916 ,-0.71995 ,-0.53101 ,-0.57762 ,-0.84864 ,-0.64106 ,-0.58746 ,-0.56268 ,-0.74452 ,-0.51057 ,-0.56301 ,-0.53071 ,-0.84882 ,-0.84922 ,-0.87500 ,-0.84928 ,-0.87500 ,-0.48251 ,-0.77136 ,-0.84908 ,-0.53800 ,-0.84918 ,-0.56160 ,-0.61496 ,-0.56938 ,-0.82320 ,-0.69290 ,-0.79432 ,-0.64099 ,-0.56198 ,-0.50955 ,-0.82307 ,-0.87500 ,-0.61040 ,-0.82300 ,-0.64063 ,-0.74325 ,-0.79851 ,-0.71933 
-0.12787 ,-0.05332 ,-0.01356 ,-0.04473 ,-0.04502 ,0.84878 ,0.64331 ,0.92410 ,0.87280 ,0.72394 ,0.65466 ,0.89948 ,0.97422 ,0.68832 ,0.82256 ,1.00000 ,0.82619 ,0.72832 ,0.77462 ,0.77152 ,0.82306 ,0.77124 ,0.82433 ,0.79973 ,0.72507 ,0.84473 ,0.90095 ,0.97438 ,0.62567 ,0.87173 ,0.65111 ,1.00000 ,0.72338 ,0.95022 ,0.97483 ,0.95046 ,0.61724 ,1.00000 ,0.77217 ,0.89603 ,0.89938 ,0.70029 ,0.89845 ,0.75341 ,0.89694 ,0.85017 ,0.72305 ,0.65063 ,0.95016 ,0.77779 ,0.82697 ,0.87292 ,-0.71421 ,-0.63621 ,-0.53462 ,-0.66445 ,-0.53393 ,-0.66565 ,-0.57643 ,-0.58496 ,-0.47861 ,-0.50708 ,-0.74379 ,-0.82151 ,-0.82226 ,-0.52018 ,-0.87500 ,-0.63759 ,-0.69136 ,-0.52351 ,-0.50697 ,-0.58524 ,-0.50377 ,-0.76963 ,-0.82269 ,-0.50620 ,-0.48320 ,-0.53361 ,-0.55769 ,-0.61045 ,-0.84887 ,-0.55452 ,-0.55408 ,-0.68722 ,-0.87500 ,-0.56226 ,-0.71679 ,-0.66483 ,-0.79536 ,-0.58624 ,-0.77020 ,-0.53407 ,-0.66393 ,-0.69479 ,-0.63572 ,-0.55760 ,-0.71669 ,-0.55993 ,-0.64245 ,-0.87500 
0.23178 ,0.02421 ,0.04477 ,-0.09985 ,-0.17719 ,0.94970 ,0.82644 ,0.90140 ,0.69983 ,0.79953 ,0.95064 ,0.65824 ,0.74915 ,0.77003 ,0.67250 ,0.95036 ,0.72367 ,1.00000 ,0.75026 ,0.70046 ,0.80307 ,0.77370 ,0.97526 ,0.90066 ,0.82532 ,0.97485 ,0.95058 ,0.66351 ,0.72394 ,0.82274 ,0.70406 ,0.82629 ,0.95087 ,0.75236 ,0.92540 ,0.62783 ,1.00000 ,0.77349 ,1.00000 ,0.76745 ,0.74956 ,0.70312 ,0.79958 ,0.64338 ,0.62950 ,0.82141 ,0.79985 ,0.62391 ,0.77756 ,0.72618 ,0.85123 ,0.92592 ,-0.84821 ,-0.69044 ,-0.58657 ,-0.69045 ,-0.48064 ,-0.71741 ,-0.87500 ,-0.87500 ,-0.84831 ,-0.61266 ,-0.49971 ,-0.61181 ,-0.71479 ,-0.84860 ,-0.71731 ,-0.64018 ,-0.60546 ,-0.87500 ,-0.66567 ,-0.61247 ,-0.69043 ,-0.50253 ,-0.50966 ,-0.87500 ,-0.74408 ,-0.82254 ,-0.63738 ,-0.74334 ,-0.87500 ,-0.57739 ,-0.61355 ,-0.79642 ,-0.71514 ,-0.87500 ,-0.82096 ,-0.63740 ,-0.84822 ,-0.63780 ,-0.68994 ,-0.66236 ,-0.71578 ,-0.79781 ,-0.71548 ,-0.87500 ,-0.79516 ,-0.61182 ,-0.69008 ,-0.55330 
0.02297 ,0.26037 ,0.10195 ,0.03539 ,-0.14268 ,1.00000 ,0.77937 ,0.65511 ,0.97585 ,1.00000 ,0.68326 ,0.72915 ,0.87422 ,0.76006 ,0.80689 ,0.78339 ,0.80195 ,0.65878 ,0.97594 ,0.97629 ,0.68031 ,0.78046 ,0.97594 ,0.92657 ,0.74766 ,0.76387 ,0.75806 ,0.76396 ,0.70823 ,0.83114 ,0.79885 ,0.95084 ,1.00000 ,0.89956 ,0.97602 ,0.67134 ,0.77496 ,0.62332 ,0.82919 ,1.00000 ,0.63483 ,0.80377 ,0.63278 ,0.87761 ,0.68146 ,0.62011 ,1.00000 ,0.94833 ,0.62619 ,0.85452 ,0.87871 ,0.67804 ,-0.56946 ,-0.74952 ,-0.57543 ,-0.64856 ,-0.77480 ,-0.74936 ,-0.87500 ,-0.62299 ,-0.55044 ,-0.54948 ,-0.79857 ,-0.57490 ,-0.84986 ,-0.59808 ,-0.59941 ,-0.57497 ,-0.69855 ,-0.77462 ,-0.59763 ,-0.82454 ,-0.82452 ,-0.87500 ,-0.62506 ,-0.67391 ,-0.85025 ,-0.57301 ,-0.82357 ,-0.51891 ,-0.62114 ,-0.67223 ,-0.62582 ,-0.51350 ,-0.57179 ,-0.85016 ,-0.54486 ,-0.50073 ,-0.77545 ,-0.59327 ,-0.72497 ,-0.49978 ,-0.87500 ,-0.54970 ,-0.77405 ,-0.57324 ,-0.64598 ,-0.72499 ,-0.55206 ,-0.71453 
0.23382 ,0.23628 ,0.05215 ,-0.26545 ,-0.06795 ,0.75638 ,1.00000 ,0.82413 ,0.80252 ,0.82447 ,0.69928 ,0.70247 ,0.94918 ,0.92713 ,0.92567 ,0.80227 ,0.63332 ,0.75473 ,0.77825 ,0.85414 ,0.92476 ,1.00000 ,0.70463 ,0.70038 ,0.77621 ,0.95080 ,0.95134 ,0.87790 ,0.95108 ,0.92676 ,0.82634 ,0.72881 ,0.85114 ,0.85357 ,0.65847 ,0.90158 ,0.89989 ,0.67669 ,0.90089 ,0.85036 ,1.00000 ,0.72171 ,0.87703 ,0.89896 ,0.92589 ,0.92470 ,0.85007 ,0.94856 ,0.63173 ,0.87868 ,0.65288 ,0.77588 ,-0.76999 ,-0.71966 ,-0.87500 ,-0.50943 ,-0.59218 ,-0.47478 ,-0.53933 ,-0.56606 ,-0.74636 ,-0.69503 ,-0.66860 ,-0.51232 ,-0.64325 ,-0.74221 ,-0.87500 ,-0.71771 ,-0.64294 ,-0.64176 ,-0.84891 ,-0.74560 ,-0.82323 ,-0.53740 ,-0.66975 ,-0.63821 ,-0.60962 ,-0.76921 ,-0.74543 ,-0.87500 ,-0.77040 ,-0.64204 ,-0.51742 ,-0.71697 ,-0.56027 ,-0.51405 ,-0.59144 ,-0.66864 ,-0.69303 ,-0.61590 ,-0.66353 ,-0.74644 ,-0.74479 ,-0.74665 ,-0.56443 ,-0.50878 ,-0.71886 ,-0.79770 ,-0.62045 ,-0.64472 
0.25771 ,0.20655 ,-0.06851 ,-0.08340 ,0.00385 ,1.00000 ,1.00000 ,1.00000 ,1.00000 ,1.00000 ,1.00000 ,1.00000 ,1.00000 ,1.00000 ,1.00000 ,1.00000 ,1.00000 ,1.00000 ,1.00000 ,1.00000 ,1.00000 ,1.00000 ,1.00000 ,1.00000 ,1.00000 ,1.00000 ,1.00000 ,1.00000 ,1.00000 ,1.00000 ,1.00000 ,1.00000 ,1.00000 ,1.00000 ,1.00000 ,1.00000 ,1.00000 ,1.00000 ,1.00000 ,1.00000 ,1.00000 ,1.00000 ,1.00000 ,1.00000 ,1.00000 ,1.00000 ,1.00000 ,1.00000 ,1.00000 ,1.00000 ,1.00000 ,1.00000 ,-0.87500 ,-0.87500 ,-0.87500 ,-0.87500 ,-0.87500 ,-0.87500 ,-0.87500 ,-0.87500 ,-0.87500 ,-0.87500 ,-0.87500 ,-0.87500 ,-0.87500 ,-0.87500 ,-0.87500 ,-0.87500 ,-0.87500 ,-0.87500 ,-0.87500 ,-0.87500 ,-0.87500 ,-0.87500 ,-0.87500 ,-0.87500 ,-0.87500 ,-0.87500 ,-0.87500 ,-0.87500 ,-0.87500 ,-0.87500 ,-0.87500 ,-0.87500 ,-0.87500 ,-0.87500 ,-0.87500 ,-0.87500 ,-0.87500 ,-0.87500 ,-0.87500 ,-0.87500 ,-0.87500 ,-0.87500 ,-0.87500 ,-0.87500 ,-0.87500 ,-0.87500 ,-0.87500 ,-0.87500 
0.15432 ,0.33892 ,-0.10771 ,0.19539 ,-0.01811 ,0.51901 ,0.97485 ,0.56543 ,0.47353 ,0.84880 ,0.62218 ,0.44552 ,0.62843 ,0.69803 ,0.84378 ,0.92306 ,0.64590 ,0.70072 ,0.28672 ,0.56504 ,0.47106 ,0.80069 ,0.36459 ,0.77587 ,0.77264 ,0.57219 ,0.44131 ,0.55197 ,0.72331 ,0.28448 ,0.64224 ,0.70063 ,0.72157 ,0.59657 ,0.62114 ,0.77189 ,0.51676 ,0.31505 ,0.54316 ,0.57105 ,0.57556 ,0.70029 ,1.00000 ,0.49239 ,0.34362 ,0.45894 ,0.92459 ,0.51123 ,0.57119 ,0.67015 ,0.39884 ,0.44165 ,-0.17473 ,-0.39199 ,-0.47370 ,-0.36568 ,-0.44944 ,-0.21105 ,-0.71449 ,-0.47603 ,-0.28776 ,-0.49978 ,-0.55371 ,-0.41991 ,-0.42006 ,-0.63350 ,-0.28850 ,-0.68960 ,-0.58179 ,-0.79454 ,-0.60914 ,-0.44374 ,-0.44709 ,-0.74199 ,-0.63511 ,-0.50082 ,-0.42580 ,-0.84842 ,-0.41703 ,-0.55499 ,-0.49898 ,-0.82096 ,-0.58210 ,-0.47487 ,-0.23332 ,-0.76867 ,-0.65985 ,-0.41559 ,-0.60971 ,-0.33933 ,-0.60798 ,-0.53020 ,-0.33322 ,-0.50336 ,-0.46970 ,-0.65986 ,-0.63308 ,-0.68920 ,-0.34795 ,-0.74129 
0.24889 ,0.19640 ,-0.07382 ,-0.07849 ,0.00531 ,1.00000 ,1.00000 ,1.00000 ,1.00000 ,1.00000 ,1.00000 ,1.00000 ,1.00000 ,1.00000 ,1.00000 ,1.00000 ,1.00000 ,1.00000 ,1.00000 ,1.00000 ,1.00000 ,1.00000 ,1.00000 ,1.00000 ,1.00000 ,1.00000 ,1.00000 ,1.00000 ,1.00000 ,1.00000 ,1.00000 ,1.00000 ,1.00000 ,1.00000 ,1.00000 ,1.00000 ,1.00000 ,1.00000 ,1.00000 ,1.00000 ,1.00000 ,1.00000 ,1.00000 ,1.00000 ,1.00000 ,1.00000 ,1.00000 ,1.00000 ,1.00000 ,1.00000 ,1.00000 ,1.00000 ,-0.87500 ,-0.87500 ,-0.87500 ,-0.87500 ,-0.87500 ,-0.87500 ,-0.87500 ,-0.87500 ,-0.87500 ,-0.87500 ,-0.87500 ,-0.87500 ,-0.87500 ,-0.87500 ,-0.87500 ,-0.87500 ,-0.87500 ,-0.87500 ,-0.87500 ,-0.87500 ,-0.87500 ,-0.87500 ,-0.87500 ,-0.87500 ,-0.87500 ,-0.87500 ,-0.87500 ,-0.87500 ,-0.87500 ,-0.87500 ,-0.87500 ,-0.87500 ,-0.87500 ,-0.87500 ,-0.87500 ,-0.87500 ,-0.87500 ,-0.87500 ,-0.87500 ,-0.87500 ,-0.87500 ,-0.87500 ,-0.87500 ,-0.87500 ,-0.87500 ,-0.87500 ,-0.87500 ,-0.87500 
-0.00522 ,0.04998 ,0.08812 ,-0.13558 ,0.06033 ,0.95129 ,0.75008 ,0.82520 ,0.97510 ,0.63434 ,0.75649 ,1.00000 ,0.87296 ,0.79848 ,0.92592 ,0.90232 ,0.92673 ,0.63109 ,0.68100 ,0.68039 ,0.92481 ,0.67742 ,0.92649 ,0.70472 ,0.62993 ,0.94990 ,1.00000 ,0.87551 ,0.72706 ,0.97522 ,0.75402 ,0.90250 ,0.63007 ,0.85392 ,0.87823 ,0.85176 ,0.72601 ,0.89694 ,0.67796 ,1.00000 ,1.00000 ,0.80509 ,1.00000 ,0.65846 ,1.00000 ,0.95030 ,0.63283 ,0.75247 ,0.85535 ,0.68312 ,0.92732 ,0.97491 ,-0.82269 ,-0.53838 ,-0.64502 ,-0.56681 ,-0.64456 ,-0.56847 ,-0.47759 ,-0.48897 ,-0.59126 ,-0.61849 ,-0.84939 ,-0.71837 ,-0.72058 ,-0.63448 ,-0.77229 ,-0.54023 ,-0.79819 ,-0.63748 ,-0.61842 ,-0.48939 ,-0.61623 ,-0.87500 ,-0.72182 ,-0.61792 ,-0.59452 ,-0.64435 ,-0.66856 ,-0.51354 ,-0.74749 ,-0.66648 ,-0.66614 ,-0.79644 ,-0.77249 ,-0.67144 ,-0.82353 ,-0.56732 ,-0.69360 ,-0.49073 ,-0.87500 ,-0.64464 ,-0.56604 ,-0.79959 ,-0.53773 ,-0.66847 ,-0.82350 ,-0.67001 ,-0.54707 ,-0.77142 
0.17499 ,-0.01495 ,0.15754 ,0.06997 ,-0.02280 ,0.61757 ,0.84929 ,0.97506 ,0.64765 ,0.61807 ,0.95041 ,0.89938 ,0.74471 ,0.87365 ,0.82665 ,0.85267 ,0.82286 ,0.97482 ,0.65418 ,0.65150 ,0.94991 ,0.84602 ,0.65317 ,0.69915 ,0.87262 ,0.87423 ,0.87523 ,0.87319 ,0.92507 ,0.79515 ,0.82236 ,0.67511 ,0.61711 ,0.71943 ,0.64992 ,0.94895 ,0.84534 ,1.00000 ,0.80029 ,0.62011 ,1.00000 ,0.82299 ,1.00000 ,0.74778 ,0.94949 ,1.00000 ,0.62049 ,0.68598 ,1.00000 ,0.77747 ,0.75180 ,0.94961 ,-0.79771 ,-0.62091 ,-0.79916 ,-0.72217 ,-0.59601 ,-0.62064 ,-0.48777 ,-0.74746 ,-0.82444 ,-0.82429 ,-0.56566 ,-0.79903 ,-0.51869 ,-0.77306 ,-0.77353 ,-0.79906 ,-0.67087 ,-0.59552 ,-0.77291 ,-0.54301 ,-0.54288 ,-0.48094 ,-0.74846 ,-0.69686 ,-0.52409 ,-0.79857 ,-0.53688 ,-0.84926 ,-0.74656 ,-0.69544 ,-0.74883 ,-0.84889 ,-0.79828 ,-0.52285 ,-0.82361 ,-0.87500 ,-0.59774 ,-0.77137 ,-0.64713 ,-0.87500 ,-0.48719 ,-0.82456 ,-0.59398 ,-0.79863 ,-0.72050 ,-0.64715 ,-0.82469 ,-0.64474 
-0.23390 ,-0.15661 ,0.13172 ,-0.07790 ,-0.06981 ,0.90102 ,0.48152 ,0.40447 ,0.70180 ,0.58409 ,0.28212 ,0.43462 ,0.57319 ,0.45375 ,0.67613 ,0.72867 ,0.47558 ,0.46077 ,0.42478 ,0.50351 ,0.25505 ,0.35187 ,0.32521 ,0.67990 ,0.57101 ,0.77490 ,0.57725 ,0.95058 ,0.85040 ,0.64453 ,0.54948 ,0.45917 ,0.82570 ,0.57421 ,0.72628 ,0.65322 ,0.75452 ,0.52343 ,0.50815 ,0.59599 ,0.67539 ,0.65850 ,0.50069 ,0.38275 ,0.80179 ,0.56998 ,1.00000 ,0.42639 ,0.77479 ,0.63405 ,0.84985 ,0.43174 ,-0.53741 ,-0.48841 ,-0.43287 ,-0.38567 ,-0.42996 ,-0.51389 ,-0.50826 ,-0.56383 ,-0.64496 ,-0.77193 ,-0.28056 ,-0.51184 ,-0.74484 ,-0.48571 ,-0.12666 ,-0.23423 ,-0.69562 ,-0.72095 ,-0.22317 ,-0.71579 ,-0.64145 ,-0.71876 ,-0.36197 ,-0.27523 ,-0.43555 ,-0.66682 ,-0.48605 ,-0.20058 ,-0.72027 ,-0.51234 ,-0.66983 ,-0.53800 ,-0.51093 ,-0.26175 ,-0.48737 ,-0.53991 ,-0.36111 ,-0.19693 ,-0.56540 ,-0.48408 ,-0.61653 ,-0.49518 ,-0.43404 ,-0.72054 ,-0.45417 ,-0.74509 ,-0.25770 ,-0.30746 
-0.12733 ,0.02552 ,0.17890 ,0.13200 ,-0.22748 ,0.74998 ,0.68525 ,0.58832 ,0.67345 ,0.82424 ,0.29323 ,0.43270 ,0.82797 ,0.78060 ,0.73640 ,0.49121 ,0.43894 ,0.51454 ,0.65582 ,0.82801 ,0.61296 ,0.67787 ,0.57817 ,0.62415 ,0.53207 ,0.80664 ,0.81015 ,0.62836 ,0.66263 ,0.85198 ,0.63238 ,0.77686 ,0.85088 ,0.75360 ,0.62922 ,0.48236 ,0.57481 ,0.32138 ,0.72933 ,0.84687 ,0.63342 ,0.53074 ,0.50249 ,0.68255 ,0.61521 ,0.65929 ,0.85056 ,1.00000 ,0.36114 ,0.73217 ,0.53362 ,0.36422 ,-0.37249 ,-0.60133 ,-0.48182 ,-0.29400 ,-0.49833 ,-0.36218 ,-0.44286 ,-0.32209 ,-0.32805 ,-0.38163 ,-0.59480 ,-0.22469 ,-0.51904 ,-0.47057 ,-0.60416 ,-0.43198 ,-0.47173 ,-0.44668 ,-0.57736 ,-0.69488 ,-0.87500 ,-0.44294 ,-0.42313 ,-0.34332 ,-0.59115 ,-0.37425 ,-0.69622 ,-0.52682 ,-0.52114 ,-0.34734 ,-0.37463 ,-0.47024 ,-0.16755 ,-0.49565 ,-0.27437 ,-0.30153 ,-0.59884 ,-0.44639 ,-0.51569 ,-0.37849 ,-0.64443 ,-0.33648 ,-0.36857 ,-0.22230 ,-0.49993 ,-0.75186 ,-0.30770 ,-0.49301 
0.12441 ,0.35483 ,0.06395 ,-0.34517 ,-0.07498 ,0.85146 ,1.00000 ,0.90080 ,0.87516 ,0.80043 ,0.75261 ,1.00000 ,0.64435 ,0.62482 ,0.69866 ,0.85343 ,0.95159 ,0.70188 ,0.87638 ,0.62773 ,0.72687 ,0.95057 ,0.95094 ,0.75594 ,0.97557 ,1.00000 ,0.90308 ,0.87278 ,0.70260 ,0.69810 ,0.75261 ,0.97530 ,0.72938 ,1.00000 ,0.72491 ,0.85250 ,0.97481 ,0.77871 ,0.61864 ,0.75047 ,0.82939 ,0.83201 ,0.92587 ,0.87873 ,0.95145 ,0.92422 ,0.65059 ,0.94972 ,1.00000 ,0.87822 ,0.90214 ,1.00000 ,-0.69491 ,-0.74466 ,-0.72152 ,-0.77192 ,-0.61446 ,-0.51659 ,-0.54116 ,-0.56965 ,-0.54335 ,-0.56886 ,-0.51625 ,-0.74684 ,-0.84906 ,-0.71967 ,-0.61520 ,-0.87500 ,-0.87500 ,-0.79515 ,-0.84960 ,-0.74722 ,-0.47999 ,-0.64187 ,-0.87500 ,-0.87500 ,-0.48676 ,-0.61538 ,-0.61076 ,-0.54269 ,-0.66897 ,-0.54019 ,-0.72174 ,-0.51850 ,-0.51207 ,-0.49417 ,-0.87500 ,-0.79753 ,-0.87500 ,-0.69344 ,-0.61462 ,-0.59014 ,-0.49051 ,-0.79885 ,-0.66868 ,-0.48098 ,-0.74819 ,-0.74775 ,-0.51999 ,-0.74653 
0.26560 ,0.00734 ,0.09123 ,-0.12344 ,0.03122 ,0.87631 ,0.82234 ,0.97483 ,0.72542 ,0.61779 ,0.77779 ,0.77688 ,0.89762 ,0.70147 ,0.87515 ,0.69641 ,0.77658 ,0.90058 ,0.65260 ,0.97477 ,0.79997 ,0.87474 ,0.79703 ,0.75101 ,0.69867 ,0.62317 ,1.00000 ,0.77542 ,0.75219 ,0.66841 ,0.67545 ,0.75256 ,0.92512 ,0.90052 ,0.92567 ,0.87655 ,0.72142 ,1.00000 ,0.77797 ,0.87232 ,0.67474 ,0.85201 ,0.89876 ,0.75020 ,0.94969 ,0.95016 ,0.64602 ,0.75028 ,0.87601 ,1.00000 ,0.95031 ,0.75181 ,-0.69035 ,-0.58598 ,-0.56063 ,-0.60726 ,-0.84857 ,-0.74466 ,-0.79566 ,-0.84893 ,-0.84893 ,-0.71814 ,-0.47827 ,-0.63468 ,-0.82221 ,-0.71712 ,-0.55811 ,-0.61068 ,-0.74372 ,-0.63860 ,-0.74217 ,-0.74377 ,-0.66493 ,-0.63721 ,-0.66014 ,-0.61211 ,-0.58778 ,-0.50880 ,-0.57781 ,-0.87500 ,-0.79614 ,-0.71722 ,-0.53499 ,-0.71888 ,-0.74404 ,-0.71868 ,-0.63660 ,-0.48136 ,-0.77050 ,-0.61185 ,-0.87500 ,-0.66602 ,-0.58365 ,-0.69286 ,-0.66351 ,-0.87500 ,-0.55954 ,-0.61281 ,-0.77173 ,-0.84814 
0.24977 ,0.20119 ,-0.06130 ,-0.08635 ,0.00136 ,1.00000 ,1.00000 ,1.00000 ,1.00000 ,1.00000 ,1.00000 ,1.00000 ,1.00000 ,1.00000 ,1.00000 ,1.00000 ,1.00000 ,1.00000 ,1.00000 ,1.00000 ,1.00000 ,1.00000 ,1.00000 ,1.00000 ,1.00000 ,1.00000 ,1.00000 ,1.00000 ,1.00000 ,1.00000 ,1.00000 ,1.00000 ,1.00000 ,1.00000 ,1.00000 ,1.00000 ,1.00000 ,1.00000 ,1.00000 ,1.00000 ,1.00000 ,1.00000 ,1.00000 ,1.00000 ,1.00000 ,1.00000 ,1.00000 ,1.00000 ,1.00000 ,1.00000 ,1.00000 ,1.00000 ,-0.87500 ,-0.87500 ,-0.87500 ,-0.87500 ,-0.87500 ,-0.87500 ,-0.87500 ,-0.87500 ,-0.87500 ,-0.87500 ,-0.87500 ,-0.87500 ,-0.87500 ,-0.87500 ,-0.87500 ,-0.87500 ,-0.87500 ,-0.87500 ,-0.87500 ,-0.87500 ,-0.87500 ,-0.87500 ,-0.87500 ,-0.87500 ,-0.87500 ,-0.87500 ,-0.87500 ,-0.87500 ,-0.87500 ,-0.87500 ,-0.87500 ,-0.87500 ,-0.87500 ,-0.87500 ,-0.87500 ,-0.87500 ,-0.87500 ,-0.87500 ,-0.87500 ,-0.87500 ,-0.87500 ,-0.87500 ,-0.87500 ,-0.87500 ,-0.87500 ,-0.87500 ,-0.87500 ,-0.87500 
0.19819 ,0.20133 ,0.30557 ,-0.15440 ,-0.09976 ,0.65031 ,0.35850 ,0.42635 ,0.72634 ,0.47351 ,0.73235 ,0.40930 ,0.76881 ,0.52897 ,0.62504 ,0.35923 ,0.53293 ,0.62753 ,0.68184 ,0.54973 ,0.82433 ,0.67771 ,0.41139 ,0.85355 ,0.85250 ,0.67989 ,0.45507 ,0.57646 ,0.70223 ,0.44675 ,0.65155 ,0.47947 ,0.58150 ,0.72916 ,0.92690 ,0.60422 ,0.64911 ,0.45631 ,0.33593 ,0.67651 ,0.82939 ,0.85125 ,0.34597 ,0.50159 ,0.50610 ,0.67158 ,0.51845 ,0.87831 ,0.58454 ,0.70445 ,0.63359 ,1.00000 ,-0.49417 ,-0.56375 ,-0.82473 ,-0.42769 ,-0.69785 ,-0.36125 ,-0.46554 ,-0.77252 ,-0.79735 ,-0.64532 ,-0.44195 ,-0.25572 ,-0.35944 ,-0.74795 ,-0.36495 ,-0.72296 ,-0.64078 ,-0.79799 ,-0.59185 ,-0.64000 ,-0.46823 ,-0.66834 ,-0.11432 ,-0.18362 ,-0.59711 ,-0.49139 ,-0.53447 ,-0.44056 ,-0.28761 ,-0.59584 ,-0.28860 ,-0.33734 ,-0.46646 ,-0.39256 ,-0.16002 ,-0.67023 ,-0.41778 ,-0.51347 ,-0.28258 ,-0.41275 ,-0.53849 ,-0.59322 ,-0.74563 ,-0.51460 ,-0.23354 ,-0.72196 ,-0.51871 ,-0.77432 
0.48530 ,0.52892 ,0.24208 ,0.00282 ,-0.29072 ,-0.64444 ,-0.59019 ,-0.61617 ,-0.74217 ,-0.66418 ,-0.79671 ,-0.66649 ,-0.61359 ,-0.61242 ,-0.47663 ,-0.84902 ,-0.51611 ,-0.72093 ,-0.64494 ,-0.71962 ,-0.53814 ,-0.56393 ,-0.51678 ,-0.59426 ,-0.79813 ,-0.84870 ,-0.61608 ,-0.87500 ,-0.60643 ,-0.54301 ,-0.87500 ,-0.77296 ,-0.47478 ,-0.77022 ,-0.52703 ,-0.71757 ,-0.82323 ,-0.51447 ,-0.48820 ,-0.58753 ,-0.48917 ,-0.61674 ,-0.61450 ,-0.84894 ,-0.69595 ,-0.82383 ,-0.63579 ,-0.61232 ,-0.59416 ,-0.48962 ,-0.77219 ,-0.48456 ,1.00000 ,0.85249 ,0.79464 ,0.92533 ,0.74919 ,0.73089 ,0.64083 ,0.79491 ,0.94913 ,0.89829 ,0.67933 ,0.64342 ,0.97489 ,0.79818 ,0.97449 ,0.70222 ,0.84940 ,0.74152 ,0.87195 ,0.64516 ,0.77142 ,0.87488 ,0.97492 ,0.89781 ,0.85166 ,0.69320 ,0.84924 ,0.67321 ,0.87256 ,0.97432 ,0.68918 ,0.92467 ,0.69577 ,0.64432 ,0.85000 ,0.94983 ,1.00000 ,0.84712 ,0.92484 ,0.89954 ,0.82564 ,0.94988 ,0.92591 ,0.97508 ,0.69547 ,1.00000 ,0.61724 ,0.66748 
0.54651 ,0.17551 ,0.26619 ,0.07516 ,-0.27200 ,-0.49621 ,-0.77044 ,-0.53872 ,-0.57144 ,-0.69706 ,-0.77313 ,-0.69642 ,-0.49365 ,-0.82444 ,-0.87500 ,-0.82440 ,-0.84972 ,-0.49619 ,-0.59642 ,-0.54393 ,-0.69765 ,-0.59339 ,-0.84948 ,-0.74772 ,-0.84963 ,-0.56417 ,-0.64768 ,-0.71970 ,-0.72329 ,-0.82355 ,-0.56474 ,-0.49505 ,-0.64532 ,-0.59667 ,-0.69431 ,-0.62250 ,-0.69375 ,-0.59551 ,-0.51800 ,-0.51944 ,-0.84971 ,-0.67442 ,-0.79760 ,-0.64520 ,-0.69809 ,-0.84972 ,-0.82380 ,-0.77383 ,-0.84987 ,-0.71989 ,-0.74886 ,-0.62188 ,0.75075 ,1.00000 ,0.69799 ,0.73082 ,0.85523 ,0.65150 ,0.87550 ,0.75318 ,0.77376 ,0.62621 ,0.75705 ,0.92570 ,0.80503 ,0.82592 ,0.92587 ,0.87819 ,0.87723 ,0.77900 ,0.92686 ,0.95118 ,0.62918 ,0.90041 ,0.90101 ,0.65176 ,0.97565 ,0.92314 ,0.92757 ,0.65648 ,0.75360 ,0.92647 ,0.62891 ,0.65782 ,0.85257 ,0.92631 ,0.97542 ,0.79794 ,0.70545 ,0.80049 ,0.70257 ,0.92701 ,0.85310 ,0.82785 ,0.92678 ,0.90147 ,0.83110 ,0.79576 ,0.80317 ,0.68287 
0.10479 ,0.23317 ,0.25459 ,0.47098 ,-0.00694 ,-0.52280 ,-0.71317 ,-0.73989 ,-0.66184 ,-0.68516 ,-0.71215 ,-0.82147 ,-0.50226 ,-0.76732 ,-0.79409 ,-0.84815 ,-0.76591 ,-0.68653 ,-0.82095 ,-0.84815 ,-0.71381 ,-0.74042 ,-0.68510 ,-0.60917 ,-0.46637 ,-0.55280 ,-0.82072 ,-0.57632 ,-0.51967 ,-0.62938 ,-0.84786 ,-0.49582 ,-0.46218 ,-0.79215 ,-0.63227 ,-0.82108 ,-0.79374 ,-0.51878 ,-0.79389 ,-0.46699 ,-0.55079 ,-0.49557 ,-0.84788 ,-0.79433 ,-0.66058 ,-0.79440 ,-0.63046 ,-0.82135 ,-0.63457 ,-0.68620 ,-0.65950 ,-0.79469 ,0.66195 ,0.79019 ,1.00000 ,0.89835 ,1.00000 ,0.79398 ,0.79903 ,1.00000 ,0.97358 ,0.78916 ,1.00000 ,0.92280 ,0.68941 ,0.63819 ,0.84663 ,0.84295 ,0.60620 ,0.68978 ,0.81300 ,0.76873 ,0.67531 ,0.79317 ,0.61764 ,0.83699 ,0.97378 ,0.74108 ,0.61114 ,0.81948 ,0.71585 ,0.74026 ,0.76241 ,0.94616 ,0.65452 ,1.00000 ,1.00000 ,0.63689 ,0.68002 ,0.89899 ,0.63871 ,0.66460 ,0.73597 ,0.74042 ,0.73667 ,0.73728 ,0.68650 ,0.79571 ,0.84667 ,0.97386 
0.31740 ,0.42190 ,0.34460 ,0.16755 ,-0.33099 ,-0.39529 ,-0.51660 ,-0.51427 ,-0.37326 ,-0.54424 ,-0.24269 ,-0.54608 ,-0.52282 ,-0.62227 ,-0.21786 ,-0.56588 ,-0.16509 ,-0.26996 ,-0.55328 ,-0.77249 ,-0.57088 ,-0.26559 ,-0.79807 ,-0.25057 ,-0.49270 ,-0.52350 ,-0.55036 ,-0.52153 ,-0.21879 ,-0.79905 ,-0.69770 ,-0.67442 ,-0.69727 ,-0.26896 ,-0.39690 ,-0.31878 ,-0.54267 ,-0.82403 ,-0.49408 ,-0.69933 ,-0.39689 ,-0.54865 ,-0.38377 ,-0.74804 ,-0.51932 ,-0.46359 ,-0.16903 ,-0.37210 ,-0.52349 ,-0.54889 ,-0.67256 ,-0.50807 ,0.80113 ,0.75491 ,0.63047 ,1.00000 ,0.46075 ,0.68379 ,0.67893 ,0.68451 ,0.60610 ,0.60037 ,0.75595 ,0.80473 ,0.90184 ,0.32651 ,0.78206 ,0.34243 ,0.39769 ,0.44461 ,0.55712 ,0.53086 ,0.83063 ,0.49030 ,0.61030 ,0.60725 ,0.73534 ,0.36031 ,0.57696 ,0.85426 ,0.92668 ,0.70474 ,0.61278 ,0.82635 ,0.72917 ,0.33958 ,0.52880 ,0.44008 ,0.80436 ,0.55494 ,0.75923 ,0.68483 ,0.47839 ,0.90213 ,0.73135 ,0.65752 ,0.70602 ,0.58890 ,0.53296 ,0.38949 
0.41737 ,0.33181 ,-0.03453 ,-0.05402 ,-0.14489 ,-0.44539 ,-0.56969 ,-0.46616 ,-0.54604 ,-0.51445 ,-0.54278 ,-0.62354 ,-0.34121 ,-0.46614 ,-0.56731 ,-0.51668 ,-0.49227 ,-0.36453 ,-0.49252 ,-0.33623 ,-0.69736 ,-0.46886 ,-0.75003 ,-0.57306 ,-0.41608 ,-0.21194 ,-0.54348 ,-0.72045 ,-0.23259 ,-0.41911 ,-0.69625 ,-0.38958 ,-0.59526 ,-0.82355 ,-0.61613 ,-0.31393 ,-0.69777 ,-0.31553 ,-0.64647 ,-0.49124 ,-0.72162 ,-0.54353 ,-0.51799 ,-0.38376 ,-0.51962 ,-0.62301 ,-0.36286 ,-0.49271 ,-0.82431 ,-0.66851 ,-0.46945 ,-0.56759 ,0.67678 ,0.75404 ,0.35799 ,0.64794 ,1.00000 ,0.70063 ,0.24011 ,0.72351 ,0.45221 ,0.64634 ,0.43029 ,0.36284 ,0.59980 ,0.64662 ,0.72118 ,0.49940 ,0.87550 ,0.34641 ,0.63088 ,0.64829 ,0.56691 ,0.90061 ,0.94896 ,0.89859 ,0.32374 ,0.46913 ,0.50746 ,0.59440 ,0.31857 ,0.44676 ,0.74500 ,0.40883 ,0.44663 ,0.85077 ,0.75114 ,0.67968 ,0.84920 ,0.56672 ,0.72734 ,0.57886 ,0.65167 ,0.67718 ,0.53067 ,0.42853 ,0.67573 ,0.75032 ,0.72433 ,0.62415 
0.59255 ,0.34602 ,0.46896 ,0.12619 ,-0.39685 ,-0.51050 ,-0.53411 ,-0.71707 ,-0.50977 ,-0.87500 ,-0.58819 ,-0.58755 ,-0.64055 ,-0.84877 ,-0.51379 ,-0.66558 ,-0.82291 ,-0.58296 ,-0.84919 ,-0.63912 ,-0.53508 ,-0.66356 ,-0.66750 ,-0.53716 ,-0.82267 ,-0.71593 ,-0.76942 ,-0.82210 ,-0.55659 ,-0.74443 ,-0.87500 ,-0.48459 ,-0.58464 ,-0.58738 ,-0.63808 ,-0.53691 ,-0.66233 ,-0.71786 ,-0.71704 ,-0.66223 ,-0.82322 ,-0.53884 ,-0.60902 ,-0.66560 ,-0.50988 ,-0.87500 ,-0.74337 ,-0.74147 ,-0.84921 ,-0.77016 ,-0.61304 ,-0.84878 ,0.77626 ,0.82496 ,0.92358 ,0.84988 ,0.79711 ,1.00000 ,1.00000 ,1.00000 ,1.00000 ,0.87223 ,0.90085 ,0.79757 ,0.92566 ,0.79948 ,0.77430 ,0.62643 ,0.72511 ,0.92516 ,0.94802 ,0.75188 ,0.92462 ,0.85229 ,0.82712 ,0.71848 ,0.92631 ,0.69961 ,0.62597 ,0.67669 ,0.74745 ,0.82684 ,0.62442 ,0.62094 ,0.94901 ,0.97517 ,0.90139 ,0.72772 ,0.71526 ,0.92470 ,0.76999 ,0.75113 ,0.97501 ,0.64875 ,1.00000 ,0.92551 ,0.72261 ,0.92593 ,0.67717 ,0.92414 
0.49146 ,0.52519 ,0.10408 ,0.37423 ,-0.14001 ,-0.61239 ,-0.50499 ,-0.52987 ,-0.53065 ,-0.63763 ,-0.60680 ,-0.63705 ,-0.79655 ,-0.68832 ,-0.82190 ,-0.50786 ,-0.71532 ,-0.52804 ,-0.74387 ,-0.79496 ,-0.71365 ,-0.47745 ,-0.84871 ,-0.56211 ,-0.84851 ,-0.74045 ,-0.82096 ,-0.73966 ,-0.57916 ,-0.58297 ,-0.82199 ,-0.79481 ,-0.66448 ,-0.53097 ,-0.69073 ,-0.63578 ,-0.79590 ,-0.82241 ,-0.87500 ,-0.79620 ,-0.55794 ,-0.76808 ,-0.76958 ,-0.68800 ,-0.77014 ,-0.79732 ,-0.61184 ,-0.66478 ,-0.53740 ,-0.66275 ,-0.66643 ,-0.53244 ,0.66849 ,0.77502 ,0.97516 ,0.67831 ,0.61997 ,0.72585 ,1.00000 ,0.82915 ,0.69941 ,0.82304 ,0.75049 ,0.75176 ,0.82832 ,0.77859 ,0.95089 ,1.00000 ,0.79864 ,0.79940 ,0.82326 ,0.87719 ,0.65197 ,0.74948 ,0.70895 ,1.00000 ,0.84806 ,0.70192 ,0.70400 ,1.00000 ,0.90089 ,0.84918 ,0.69598 ,0.94900 ,0.92336 ,0.97443 ,0.74434 ,0.89988 ,0.89846 ,0.97547 ,1.00000 ,0.75481 ,0.84961 ,0.65427 ,0.92376 ,0.69756 ,0.61250 ,1.00000 ,0.92627 ,0.92505 
0.27841 ,0.47727 ,0.47336 ,0.49578 ,-0.17654 ,-0.61876 ,-0.77325 ,-0.69634 ,-0.67399 ,-0.53480 ,-0.51321 ,-0.59677 ,-0.49817 ,-0.51540 ,-0.77479 ,-0.64254 ,-0.79916 ,-0.82428 ,-0.84979 ,-0.62236 ,-0.77119 ,-0.79504 ,-0.67417 ,-0.54773 ,-0.72282 ,-0.54348 ,-0.69433 ,-0.79830 ,-0.56999 ,-0.51527 ,-0.69724 ,-0.64547 ,-0.59615 ,-0.56949 ,-0.82343 ,-0.84972 ,-0.71502 ,-0.87500 ,-0.54221 ,-0.59672 ,-0.57116 ,-0.77232 ,-0.74619 ,-0.59302 ,-0.49660 ,-0.49398 ,-0.59455 ,-0.49397 ,-0.64808 ,-0.51865 ,-0.49472 ,-0.54646 ,0.85370 ,0.92680 ,0.82589 ,0.97520 ,0.95041 ,0.97576 ,0.78261 ,1.00000 ,0.73623 ,0.82824 ,1.00000 ,0.72599 ,0.67430 ,0.83128 ,0.63720 ,0.68269 ,0.75411 ,0.92799 ,0.80351 ,0.75828 ,0.72731 ,0.83154 ,0.83327 ,0.85234 ,0.82998 ,0.85314 ,0.78313 ,0.95202 ,0.83355 ,0.73218 ,0.82989 ,0.75054 ,0.70764 ,0.75673 ,0.90294 ,0.97586 ,0.87274 ,0.63054 ,0.75717 ,0.80576 ,0.90290 ,0.85418 ,0.70653 ,0.90354 ,0.63430 ,0.92618 ,0.87890 ,1.00000 
0.38016 ,0.25156 ,0.22340 ,0.19586 ,-0.30304 ,-0.87500 ,-0.87500 ,-0.87500 ,-0.87500 ,-0.87500 ,-0.87500 ,-0.87500 ,-0.87500 ,-0.87500 ,-0.87500 ,-0.87500 ,-0.87500 ,-0.87500 ,-0.87500 ,-0.87500 ,-0.87500 ,-0.87500 ,-0.87500 ,-0.87500 ,-0.87500 ,-0.87500 ,-0.87500 ,-0.87500 ,-0.87500 ,-0.87500 ,-0.87500 ,-0.87500 ,-0.87500 ,-0.87500 ,-0.87500 ,-0.87500 ,-0.87500 ,-0.87500 ,-0.87500 ,-0.87500 ,-0.87500 ,-0.87500 ,-0.87500 ,-0.87500 ,-0.87500 ,-0.87500 ,-0.87500 ,-0.87500 ,-0.87500 ,-0.87500 ,-0.87500 ,-0.87500 ,1.00000 ,1.00000 ,1.00000 ,1.00000 ,1.00000 ,1.00000 ,1.00000 ,1.00000 ,1.00000 ,1.00000 ,1.00000 ,1.00000 ,1.00000 ,1.00000 ,1.00000 ,1.00000 ,1.00000 ,1.00000 ,1.00000 ,1.00000 ,1.00000 ,1.00000 ,1.00000 ,1.00000 ,1.00000 ,1.00000 ,1.00000 ,1.00000 ,1.00000 ,1.00000 ,1.00000 ,1.00000 ,1.00000 ,1.00000 ,1.00000 ,1.00000 ,1.00000 ,1.00000 ,1.00000 ,1.00000 ,1.00000 ,1.00000 ,1.00000 ,1.00000 ,1.00000 ,1.00000 ,1.00000 ,1.00000 
0.51664 ,0.38225 ,0.29853 ,-0.05183 ,-0.24455 ,-0.48716 ,-0.87500 ,-0.76960 ,-0.66874 ,-0.71896 ,-0.69006 ,-0.64218 ,-0.61229 ,-0.69461 ,-0.67115 ,-0.87500 ,-0.59103 ,-0.79682 ,-0.64580 ,-0.53773 ,-0.66793 ,-0.63953 ,-0.84931 ,-0.72079 ,-0.66918 ,-0.69558 ,-0.50940 ,-0.82307 ,-0.51180 ,-0.79647 ,-0.72035 ,-0.51160 ,-0.53595 ,-0.82365 ,-0.76966 ,-0.51411 ,-0.50514 ,-0.53940 ,-0.50874 ,-0.74506 ,-0.77260 ,-0.71875 ,-0.66824 ,-0.84917 ,-0.50796 ,-0.82384 ,-0.56298 ,-0.87500 ,-0.77309 ,-0.54018 ,-0.87500 ,-0.66927 ,0.69418 ,0.90136 ,0.87143 ,1.00000 ,1.00000 ,1.00000 ,0.89870 ,0.74764 ,0.89972 ,1.00000 ,0.97506 ,0.66638 ,0.92596 ,0.64544 ,0.72402 ,1.00000 ,0.85367 ,0.74741 ,0.75320 ,0.94933 ,0.66581 ,0.90006 ,0.90091 ,0.70602 ,0.69258 ,0.61183 ,0.87460 ,0.75097 ,0.72543 ,0.84812 ,0.75325 ,1.00000 ,0.68303 ,0.82091 ,0.77428 ,0.67130 ,0.90124 ,0.87275 ,0.62149 ,0.90091 ,0.70173 ,0.62935 ,0.84539 ,0.90047 ,0.72489 ,0.79799 ,0.71824 ,0.80171 
0.31912 ,0.30355 ,0.16522 ,0.12920 ,0.00586 ,-0.26948 ,-0.30804 ,-0.62060 ,-0.59791 ,-0.44615 ,-0.74565 ,-0.49351 ,-0.49555 ,-0.49345 ,-0.45323 ,-0.19008 ,-0.67361 ,-0.57302 ,-0.62248 ,-0.79896 ,-0.54017 ,-0.48475 ,-0.79977 ,-0.52295 ,-0.36808 ,-0.31998 ,-0.44402 ,-0.36198 ,-0.42195 ,-0.77381 ,-0.48929 ,-0.82371 ,-0.38958 ,-0.51599 ,-0.64510 ,-0.27155 ,-0.28820 ,-0.74662 ,-0.67225 ,-0.51956 ,-0.67257 ,-0.31661 ,-0.82500 ,-0.74776 ,-0.52219 ,-0.34787 ,-0.33364 ,-0.54329 ,-0.69926 ,-0.39877 ,-0.56940 ,-0.61894 ,0.56252 ,0.73323 ,0.49421 ,0.50138 ,0.68421 ,0.70363 ,0.57682 ,0.56111 ,0.28780 ,0.63398 ,1.00000 ,0.65647 ,0.49666 ,0.52767 ,0.89808 ,0.83046 ,0.48069 ,0.30187 ,0.69812 ,0.62998 ,0.47590 ,0.65835 ,0.72834 ,0.60449 ,0.51033 ,0.65469 ,0.71055 ,0.70651 ,0.43256 ,0.80504 ,0.85347 ,0.35955 ,0.73046 ,0.65844 ,0.75972 ,0.65779 ,0.90157 ,0.72617 ,0.66198 ,0.80537 ,0.40891 ,0.70935 ,0.77235 ,0.66369 ,0.87780 ,0.41095 ,0.65327 ,0.95103 
0.20779 ,0.23466 ,0.01923 ,0.02101 ,-0.18982 ,-0.45740 ,-0.82230 ,-0.50633 ,-0.64065 ,-0.51062 ,-0.45532 ,-0.64007 ,-0.42725 ,-0.45107 ,-0.54117 ,-0.45481 ,-0.53503 ,-0.38172 ,-0.48706 ,-0.77174 ,-0.19505 ,-0.24959 ,-0.61623 ,-0.12585 ,-0.40233 ,-0.69144 ,-0.56269 ,-0.48098 ,-0.37323 ,-0.56421 ,-0.44760 ,-0.45759 ,-0.53616 ,-0.45385 ,-0.29623 ,-0.35230 ,-0.40330 ,-0.37982 ,-0.50951 ,-0.61543 ,-0.69209 ,-0.27196 ,-0.24739 ,-0.82221 ,-0.64363 ,-0.41162 ,-0.42856 ,-0.71643 ,-0.27930 ,-0.22195 ,-0.48468 ,-0.82362 ,0.54595 ,0.87364 ,0.89976 ,0.60473 ,0.56678 ,0.77567 ,0.39990 ,0.24407 ,0.71468 ,0.69202 ,0.62489 ,1.00000 ,0.49817 ,0.84883 ,0.82359 ,0.84624 ,0.77412 ,0.34575 ,0.94853 ,0.50196 ,0.32449 ,0.79997 ,0.39702 ,0.68850 ,0.77576 ,0.75266 ,0.69873 ,0.52754 ,0.74941 ,0.57488 ,0.63969 ,0.33086 ,0.94841 ,0.59900 ,0.47728 ,0.84957 ,0.92163 ,0.63992 ,0.57841 ,0.49787 ,0.54341 ,0.79749 ,0.56834 ,0.72366 ,0.67425 ,0.55649 ,0.62777 ,0.49766 
0.34044 ,0.25082 ,0.31450 ,0.32578 ,-0.19662 ,-0.87500 ,-0.79792 ,-0.64533 ,-0.82483 ,-0.77180 ,-0.87500 ,-0.82430 ,-0.74910 ,-0.69771 ,-0.79877 ,-0.63460 ,-0.72433 ,-0.82383 ,-0.62277 ,-0.61828 ,-0.77343 ,-0.84955 ,-0.61567 ,-0.69942 ,-0.87500 ,-0.79873 ,-0.74767 ,-0.84942 ,-0.66873 ,-0.69686 ,-0.67019 ,-0.64581 ,-0.56780 ,-0.87500 ,-0.66826 ,-0.62271 ,-0.54438 ,-0.62124 ,-0.61572 ,-0.48706 ,-0.74899 ,-0.69553 ,-0.72283 ,-0.57036 ,-0.54674 ,-0.52231 ,-0.87500 ,-0.87500 ,-0.84995 ,-0.82407 ,-0.59368 ,-0.54094 ,0.85262 ,0.73510 ,0.95043 ,0.65509 ,0.95000 ,0.85448 ,0.90271 ,0.80394 ,0.70813 ,1.00000 ,0.97602 ,0.95086 ,1.00000 ,0.87765 ,0.79536 ,0.92759 ,0.73282 ,0.70586 ,0.92467 ,0.63579 ,0.92343 ,0.87243 ,0.73109 ,0.80232 ,0.73045 ,0.65609 ,1.00000 ,0.82658 ,0.68212 ,1.00000 ,0.68001 ,1.00000 ,0.87593 ,0.87921 ,0.95162 ,0.63162 ,1.00000 ,0.84909 ,0.80660 ,0.63603 ,0.66002 ,0.63999 ,0.73516 ,0.92706 ,0.80799 ,0.70862 ,0.95068 ,0.68264 
0.37493 ,0.24880 ,0.08782 ,0.03841 ,-0.24296 ,-0.59083 ,-0.79565 ,-0.50861 ,-0.66569 ,-0.71843 ,-0.79729 ,-0.64094 ,-0.56290 ,-0.84845 ,-0.61750 ,-0.53819 ,-0.61547 ,-0.71947 ,-0.77233 ,-0.77074 ,-0.61335 ,-0.77066 ,-0.61781 ,-0.74464 ,-0.71986 ,-0.58805 ,-0.64243 ,-0.55962 ,-0.82319 ,-0.66897 ,-0.79726 ,-0.54133 ,-0.71889 ,-0.48759 ,-0.56427 ,-0.48842 ,-0.82283 ,-0.52401 ,-0.76997 ,-0.63940 ,-0.64337 ,-0.84917 ,-0.63947 ,-0.69254 ,-0.63319 ,-0.59232 ,-0.71800 ,-0.79712 ,-0.48881 ,-0.77163 ,-0.61682 ,-0.66240 ,0.71841 ,0.90072 ,1.00000 ,0.87810 ,1.00000 ,0.87581 ,0.84744 ,0.85361 ,0.95084 ,0.92469 ,0.80324 ,0.62113 ,0.62971 ,1.00000 ,0.68490 ,0.90141 ,0.75255 ,1.00000 ,0.92602 ,0.85384 ,0.92558 ,0.78066 ,0.63505 ,0.92477 ,0.95063 ,1.00000 ,0.97525 ,0.82769 ,0.71096 ,0.97476 ,0.97480 ,0.74480 ,0.67826 ,0.97494 ,0.72692 ,0.87783 ,0.64710 ,0.85221 ,0.77836 ,1.00000 ,0.87631 ,0.75373 ,0.90113 ,0.97556 ,0.72773 ,0.97529 ,0.90166 ,0.67723 
0.41570 ,0.37339 ,0.08633 ,-0.06104 ,-0.48497 ,-0.69880 ,-0.79855 ,-0.59333 ,-0.59933 ,-0.84987 ,-0.74915 ,-0.79868 ,-0.51602 ,-0.72333 ,-0.80025 ,-0.59265 ,-0.67294 ,-0.77369 ,-0.87500 ,-0.82323 ,-0.49058 ,-0.59767 ,-0.84963 ,-0.55227 ,-0.57030 ,-0.69734 ,-0.79885 ,-0.49537 ,-0.49213 ,-0.74959 ,-0.53904 ,-0.50243 ,-0.59945 ,-0.69850 ,-0.61830 ,-0.64802 ,-0.74897 ,-0.49866 ,-0.52253 ,-0.72427 ,-0.72373 ,-0.52579 ,-0.57045 ,-0.79923 ,-0.60055 ,-0.65208 ,-0.77461 ,-0.87500 ,-0.60218 ,-0.49744 ,-0.65065 ,-0.82386 ,0.87544 ,0.85727 ,0.97618 ,0.64752 ,0.73386 ,0.87944 ,0.69527 ,0.69378 ,0.95271 ,0.66418 ,0.88211 ,0.95076 ,0.73843 ,0.90730 ,1.00000 ,0.97641 ,0.92760 ,0.79123 ,1.00000 ,0.81273 ,0.72021 ,0.76432 ,0.68887 ,1.00000 ,0.83451 ,1.00000 ,1.00000 ,0.64679 ,0.81391 ,0.63816 ,0.83295 ,0.78284 ,0.95250 ,0.66397 ,0.81076 ,0.92794 ,0.97570 ,0.95357 ,0.88166 ,0.81036 ,0.97625 ,0.83361 ,0.85627 ,0.81286 ,0.80926 ,0.90457 ,0.88198 ,0.88036 
0.59307 ,0.16709 ,0.27034 ,0.09769 ,-0.22145 ,-0.66761 ,-0.82240 ,-0.71897 ,-0.79762 ,-0.66829 ,-0.61506 ,-0.58880 ,-0.71997 ,-0.47699 ,-0.49210 ,-0.77191 ,-0.87500 ,-0.51494 ,-0.51725 ,-0.69421 ,-0.51507 ,-0.56456 ,-0.77222 ,-0.54107 ,-0.69118 ,-0.84932 ,-0.66882 ,-0.84913 ,-0.74297 ,-0.72143 ,-0.82341 ,-0.87500 ,-0.69186 ,-0.66687 ,-0.53667 ,-0.61514 ,-0.66615 ,-0.74596 ,-0.84919 ,-0.74639 ,-0.87500 ,-0.66736 ,-0.64269 ,-0.82136 ,-0.79525 ,-0.77293 ,-0.66546 ,-0.69069 ,-0.53903 ,-0.49014 ,-0.68926 ,-0.84932 ,0.79946 ,0.94958 ,0.94842 ,1.00000 ,0.72700 ,0.97510 ,0.74691 ,0.70378 ,0.80150 ,0.92577 ,0.73306 ,0.92194 ,0.80299 ,0.92666 ,0.85173 ,1.00000 ,0.73070 ,0.70241 ,0.92566 ,0.77595 ,0.64682 ,0.92507 ,0.75235 ,0.77446 ,0.82389 ,0.72331 ,0.77836 ,0.87498 ,0.92549 ,0.82561 ,0.74594 ,0.69882 ,0.97488 ,0.82809 ,0.80104 ,0.85077 ,0.92646 ,0.66289 ,0.77571 ,0.77642 ,0.70281 ,1.00000 ,0.65081 ,0.95084 ,1.00000 ,0.62631 ,0.72062 ,0.65903 
0.54642 ,0.40251 ,0.13999 ,0.20510 ,-0.45010 ,-0.51163 ,-0.69138 ,-0.79621 ,-0.56632 ,-0.82372 ,-0.48890 ,-0.82353 ,-0.71888 ,-0.66892 ,-0.79836 ,-0.87500 ,-0.69366 ,-0.69582 ,-0.84968 ,-0.79634 ,-0.82345 ,-0.61565 ,-0.64506 ,-0.56790 ,-0.74695 ,-0.64230 ,-0.48884 ,-0.51436 ,-0.79728 ,-0.77331 ,-0.54061 ,-0.84960 ,-0.77172 ,-0.51653 ,-0.69324 ,-0.67053 ,-0.82334 ,-0.51066 ,-0.53471 ,-0.82363 ,-0.64581 ,-0.84946 ,-0.54046 ,-0.51464 ,-0.64552 ,-0.72283 ,-0.77241 ,-0.66396 ,-0.84946 ,-0.71923 ,-0.77309 ,-0.66867 ,0.95065 ,0.97528 ,0.62087 ,0.65222 ,0.65121 ,0.77752 ,1.00000 ,0.75084 ,1.00000 ,0.85396 ,0.77917 ,0.82523 ,0.63659 ,0.77766 ,0.62892 ,0.80672 ,1.00000 ,1.00000 ,0.70827 ,0.97556 ,0.92324 ,0.77900 ,0.63212 ,0.70044 ,0.77738 ,0.95030 ,0.62948 ,0.90255 ,0.72943 ,0.76641 ,0.85202 ,0.61675 ,0.63579 ,0.85157 ,0.63092 ,0.65471 ,0.75092 ,0.87531 ,0.72674 ,0.90150 ,0.90414 ,0.63361 ,0.97426 ,0.80650 ,0.85360 ,0.80114 ,0.64407 ,0.95166 
0.64821 ,0.06754 ,-0.24185 ,0.40133 ,0.09315 ,-0.46318 ,-0.45746 ,-0.51201 ,-0.58677 ,-0.42618 ,-0.58371 ,-0.66837 ,-0.40731 ,-0.42463 ,-0.17647 ,-0.53872 ,-0.84892 ,-0.37810 ,-0.46536 ,-0.19914 ,-0.43588 ,-0.71664 ,-0.61690 ,-0.41024 ,-0.79738 ,-0.46342 ,-0.38507 ,-0.66404 ,-0.30303 ,-0.22560 ,-0.37718 ,-0.79692 ,-0.58780 ,-0.43856 ,-0.63670 ,-0.46394 ,-0.61732 ,-0.38288 ,-0.39808 ,-0.35612 ,-0.44005 ,-0.56676 ,-0.77275 ,-0.64085 ,-0.56824 ,-0.87500 ,-0.52908 ,-0.77213 ,-0.66815 ,-0.51349 ,-0.43539 ,-0.61688 ,0.67078 ,0.50211 ,0.77233 ,0.82577 ,0.49750 ,0.59759 ,0.47952 ,0.26524 ,0.33071 ,0.24411 ,0.45241 ,0.72695 ,0.80442 ,0.68122 ,0.62941 ,0.63065 ,0.65017 ,1.00000 ,0.62865 ,0.49137 ,0.49519 ,0.38383 ,0.78064 ,0.67266 ,0.32882 ,0.62736 ,0.76850 ,0.58108 ,0.36957 ,0.62026 ,0.80060 ,0.42081 ,0.39680 ,0.32702 ,0.75510 ,1.00000 ,0.59682 ,0.82519 ,0.57630 ,0.67557 ,0.33019 ,0.73072 ,0.55211 ,0.38028 ,0.65489 ,0.77689 ,0.47902 ,0.65144 
0.59464 ,0.33146 ,0.22383 ,0.37822 ,-0.14721 ,-0.24009 ,-0.26176 ,-0.39071 ,-0.54567 ,-0.74513 ,-0.59752 ,-0.39323 ,-0.29412 ,-0.41099 ,-0.49972 ,-0.39261 ,-0.74638 ,-0.61879 ,-0.42204 ,-0.44149 ,-0.21432 ,-0.41400 ,-0.44477 ,-0.17016 ,-0.67245 ,-0.49452 ,-0.36827 ,-0.84935 ,-0.49077 ,-0.62291 ,-0.51241 ,-0.39362 ,-0.56911 ,-0.59723 ,-0.51878 ,-0.19120 ,-0.25797 ,-0.69679 ,-0.69703 ,-0.28817 ,-0.74772 ,-0.24784 ,-0.49112 ,-0.54578 ,-0.51942 ,-0.54894 ,-0.69687 ,-0.39087 ,-0.61949 ,-0.64611 ,-0.52047 ,-0.79917 ,0.41994 ,0.58194 ,0.73855 ,0.61496 ,0.75129 ,0.59239 ,0.72035 ,0.89946 ,0.72650 ,0.70356 ,0.67519 ,0.66795 ,0.97542 ,0.50089 ,0.64885 ,0.58460 ,0.75780 ,0.72484 ,1.00000 ,0.80141 ,0.64136 ,0.79919 ,0.57774 ,0.45105 ,0.72369 ,0.54796 ,0.62813 ,0.30552 ,0.55183 ,0.77300 ,0.49761 ,0.46028 ,1.00000 ,0.67508 ,0.72542 ,0.75156 ,0.67181 ,0.59404 ,0.61339 ,0.70200 ,0.72705 ,0.38228 ,0.59415 ,0.82701 ,0.60075 ,0.74582 ,0.62213 ,0.85186 
0.41183 ,0.42392 ,0.10571 ,0.12219 ,-0.27219 ,-0.56137 ,-0.61168 ,-0.63502 ,-0.82333 ,-0.50731 ,-0.50739 ,-0.79713 ,-0.68862 ,-0.82291 ,-0.66282 ,-0.66244 ,-0.63579 ,-0.48178 ,-0.77080 ,-0.71483 ,-0.71938 ,-0.48210 ,-0.69117 ,-0.51434 ,-0.79703 ,-0.56388 ,-0.74079 ,-0.77059 ,-0.66737 ,-0.76862 ,-0.82258 ,-0.79734 ,-0.82276 ,-0.58951 ,-0.48519 ,-0.53561 ,-0.87500 ,-0.71756 ,-0.50739 ,-0.74521 ,-0.79704 ,-0.72075 ,-0.60602 ,-0.69072 ,-0.74565 ,-0.71941 ,-0.64088 ,-0.84876 ,-0.53770 ,-0.71659 ,-0.84905 ,-0.69015 ,0.82223 ,0.67783 ,0.95011 ,0.89951 ,0.65113 ,0.90204 ,0.77806 ,0.85248 ,0.92550 ,0.97481 ,0.65738 ,1.00000 ,1.00000 ,0.78040 ,0.97550 ,0.77964 ,0.63138 ,0.73116 ,0.70024 ,1.00000 ,0.87567 ,0.63449 ,0.80576 ,0.64722 ,0.70678 ,0.75256 ,0.66976 ,0.95170 ,0.82717 ,0.80035 ,0.75368 ,0.94983 ,1.00000 ,0.72627 ,0.77383 ,0.69959 ,0.92510 ,0.97520 ,0.65742 ,0.97569 ,0.70529 ,1.00000 ,0.85002 ,0.70384 ,0.92578 ,0.68199 ,0.62270 ,0.65539 
0.49112 ,0.39092 ,0.31162 ,0.26796 ,-0.32612 ,-0.87500 ,-0.87500 ,-0.87500 ,-0.87500 ,-0.87500 ,-0.87500 ,-0.87500 ,-0.87500 ,-0.87500 ,-0.87500 ,-0.87500 ,-0.87500 ,-0.87500 ,-0.87500 ,-0.87500 ,-0.87500 ,-0.87500 ,-0.87500 ,-0.87500 ,-0.87500 ,-0.87500 ,-0.87500 ,-0.87500 ,-0.87500 ,-0.87500 ,-0.87500 ,-0.87500 ,-0.87500 ,-0.87500 ,-0.87500 ,-0.87500 ,-0.87500 ,-0.87500 ,-0.87500 ,-0.87500 ,-0.87500 ,-0.87500 ,-0.87500 ,-0.87500 ,-0.87500 ,-0.87500 ,-0.87500 ,-0.87500 ,-0.87500 ,-0.87500 ,-0.87500 ,-0.87500 ,1.00000 ,1.00000 ,1.00000 ,1.00000 ,1.00000 ,1.00000 ,1.00000 ,1.00000 ,1.00000 ,1.00000 ,1.00000 ,1.00000 ,1.00000 ,1.00000 ,1.00000 ,1.00000 ,1.00000 ,1.00000 ,1.00000 ,1.00000 ,1.00000 ,1.00000 ,1.00000 ,1.00000 ,1.00000 ,1.00000 ,1.00000 ,1.00000 ,1.00000 ,1.00000 ,1.00000 ,1.00000 ,1.00000 ,1.00000 ,1.00000 ,1.00000 ,1.00000 ,1.00000 ,1.00000 ,1.00000 ,1.00000 ,1.00000 ,1.00000 ,1.00000 ,1.00000 ,1.00000 ,1.00000 ,1.00000 
0.64230 ,0.19527 ,0.42377 ,0.22484 ,-0.48164 ,-0.74437 ,-0.71458 ,-0.55717 ,-0.69163 ,-0.84818 ,-0.74272 ,-0.69077 ,-0.87500 ,-0.82251 ,-0.71669 ,-0.54871 ,-0.79657 ,-0.68935 ,-0.48404 ,-0.47317 ,-0.84867 ,-0.76913 ,-0.47136 ,-0.82285 ,-0.74003 ,-0.71732 ,-0.87500 ,-0.76898 ,-0.52834 ,-0.82217 ,-0.52919 ,-0.56169 ,-0.63580 ,-0.74393 ,-0.52724 ,-0.48355 ,-0.66330 ,-0.48037 ,-0.47141 ,-0.60602 ,-0.87500 ,-0.82252 ,-0.79598 ,-0.63689 ,-0.66516 ,-0.58580 ,-0.74293 ,-0.74342 ,-0.77103 ,-0.69147 ,-0.50280 ,-0.66148 ,0.92453 ,0.65213 ,0.82299 ,0.72643 ,0.81949 ,0.92723 ,0.97503 ,0.67777 ,0.77890 ,0.87540 ,0.90115 ,0.82467 ,0.87201 ,1.00000 ,0.66995 ,0.85312 ,0.65497 ,0.77948 ,0.84724 ,0.75649 ,0.84438 ,1.00000 ,0.65243 ,0.67300 ,0.65193 ,0.72509 ,0.87565 ,0.94929 ,0.80315 ,0.87566 ,0.80348 ,0.87345 ,1.00000 ,1.00000 ,0.82582 ,0.75018 ,0.87490 ,0.92374 ,0.67823 ,0.75048 ,0.72574 ,0.75365 ,0.65189 ,0.85390 ,0.67802 ,0.77764 ,0.82459 ,0.80111 
0.48976 ,0.39740 ,0.31247 ,0.27530 ,-0.32434 ,-0.87500 ,-0.87500 ,-0.87500 ,-0.87500 ,-0.87500 ,-0.87500 ,-0.87500 ,-0.87500 ,-0.87500 ,-0.87500 ,-0.87500 ,-0.87500 ,-0.87500 ,-0.87500 ,-0.87500 ,-0.87500 ,-0.87500 ,-0.87500 ,-0.87500 ,-0.87500 ,-0.87500 ,-0.87500 ,-0.87500 ,-0.87500 ,-0.87500 ,-0.87500 ,-0.87500 ,-0.87500 ,-0.87500 ,-0.87500 ,-0.87500 ,-0.87500 ,-0.87500 ,-0.87500 ,-0.87500 ,-0.87500 ,-0.87500 ,-0.87500 ,-0.87500 ,-0.87500 ,-0.87500 ,-0.87500 ,-0.87500 ,-0.87500 ,-0.87500 ,-0.87500 ,-0.87500 ,1.00000 ,1.00000 ,1.00000 ,1.00000 ,1.00000 ,1.00000 ,1.00000 ,1.00000 ,1.00000 ,1.00000 ,1.00000 ,1.00000 ,1.00000 ,1.00000 ,1.00000 ,1.00000 ,1.00000 ,1.00000 ,1.00000 ,1.00000 ,1.00000 ,1.00000 ,1.00000 ,1.00000 ,1.00000 ,1.00000 ,1.00000 ,1.00000 ,1.00000 ,1.00000 ,1.00000 ,1.00000 ,1.00000 ,1.00000 ,1.00000 ,1.00000 ,1.00000 ,1.00000 ,1.00000 ,1.00000 ,1.00000 ,1.00000 ,1.00000 ,1.00000 ,1.00000 ,1.00000 ,1.00000 ,1.00000 
0.40300 ,0.38465 ,0.08982 ,-0.05977 ,-0.48619 ,-0.69081 ,-0.79512 ,-0.58085 ,-0.58673 ,-0.84872 ,-0.74341 ,-0.79527 ,-0.50024 ,-0.71647 ,-0.79682 ,-0.58025 ,-0.66382 ,-0.76913 ,-0.87500 ,-0.82098 ,-0.47362 ,-0.58500 ,-0.84850 ,-0.53736 ,-0.55667 ,-0.68941 ,-0.79544 ,-0.47811 ,-0.47511 ,-0.74389 ,-0.52440 ,-0.48308 ,-0.58675 ,-0.69050 ,-0.60699 ,-0.63777 ,-0.74321 ,-0.48138 ,-0.50642 ,-0.71737 ,-0.71691 ,-0.50773 ,-0.55671 ,-0.79579 ,-0.58792 ,-0.64175 ,-0.76999 ,-0.87500 ,-0.58958 ,-0.48033 ,-0.64028 ,-0.82160 ,0.86863 ,0.84925 ,0.97376 ,0.61609 ,0.72134 ,0.87031 ,0.66663 ,0.67021 ,0.95022 ,0.65647 ,0.87545 ,0.94714 ,0.72389 ,0.89861 ,1.00000 ,0.97499 ,0.92428 ,0.77189 ,1.00000 ,0.79783 ,0.68840 ,0.74600 ,0.66538 ,1.00000 ,0.82188 ,1.00000 ,1.00000 ,0.62187 ,0.79772 ,0.61550 ,0.82589 ,0.77143 ,0.95060 ,0.64521 ,0.79917 ,0.92275 ,0.97494 ,0.94855 ,0.87320 ,0.79908 ,0.97510 ,0.82490 ,0.84677 ,0.79902 ,0.79934 ,0.89737 ,0.87254 ,0.87408 
0.35842 ,0.32156 ,0.31444 ,0.22688 ,-0.37524 ,-0.87500 ,-0.61480 ,-0.53825 ,-0.82322 ,-0.53536 ,-0.71827 ,-0.72152 ,-0.67047 ,-0.64402 ,-0.64729 ,-0.82344 ,-0.74761 ,-0.87500 ,-0.79904 ,-0.56717 ,-0.64109 ,-0.61797 ,-0.72171 ,-0.72063 ,-0.79778 ,-0.67063 ,-0.66994 ,-0.48781 ,-0.67018 ,-0.64662 ,-0.54066 ,-0.84951 ,-0.56723 ,-0.56875 ,-0.77266 ,-0.51869 ,-0.51118 ,-0.69538 ,-0.51298 ,-0.56445 ,-0.61275 ,-0.84864 ,-0.48794 ,-0.50929 ,-0.64426 ,-0.64459 ,-0.56302 ,-0.66416 ,-0.74856 ,-0.49308 ,-0.77183 ,-0.79710 ,0.64513 ,0.70399 ,0.75028 ,0.90172 ,0.97534 ,0.87268 ,0.82472 ,0.85118 ,0.62579 ,0.67026 ,0.95087 ,0.90141 ,0.92632 ,0.61707 ,0.75137 ,0.69618 ,0.92459 ,0.92589 ,0.71934 ,0.62938 ,0.80192 ,0.82489 ,0.95075 ,0.92218 ,1.00000 ,0.64157 ,0.63163 ,0.75445 ,0.64905 ,0.92671 ,0.89999 ,0.69120 ,0.84659 ,0.90080 ,0.97543 ,0.95093 ,0.66831 ,1.00000 ,0.95017 ,0.63027 ,0.62339 ,0.62656 ,0.85235 ,0.89994 ,0.70306 ,0.77950 ,1.00000 ,0.92560 
0.63071 ,0.18448 ,0.14923 ,-0.08713 ,-0.13464 ,-0.18736 ,-0.57836 ,-0.41949 ,-0.15920 ,-0.68849 ,-0.47246 ,-0.55726 ,-0.39919 ,-0.66238 ,-0.61317 ,-0.52789 ,-0.53159 ,-0.18841 ,-0.32115 ,-0.45062 ,-0.58163 ,-0.55589 ,-0.61126 ,-0.50390 ,-0.47551 ,-0.31229 ,-0.45064 ,-0.71379 ,-0.58359 ,-0.66529 ,-0.39280 ,-0.15661 ,-0.55644 ,-0.60940 ,-0.50251 ,-0.63812 ,-0.76761 ,-0.42391 ,-0.53118 ,-0.47907 ,-0.71506 ,-0.17984 ,-0.84839 ,-0.61077 ,-0.58414 ,-0.63708 ,-0.79459 ,-0.52900 ,-0.53435 ,-0.71335 ,-0.44964 ,-0.28980 ,0.77045 ,0.87273 ,0.52435 ,0.54673 ,0.49223 ,0.39534 ,0.62919 ,0.57252 ,0.71334 ,0.61258 ,0.47112 ,0.75044 ,0.39846 ,0.87429 ,0.89949 ,0.79664 ,0.52139 ,0.42453 ,0.86917 ,0.95039 ,0.54787 ,0.59891 ,0.52685 ,0.32155 ,0.59051 ,1.00000 ,0.97480 ,0.57654 ,0.77455 ,0.67095 ,0.44237 ,0.61603 ,0.66817 ,0.74422 ,0.57460 ,0.41972 ,0.54122 ,0.37276 ,0.31458 ,0.97490 ,0.84848 ,0.87345 ,0.79654 ,0.56790 ,0.84974 ,0.54437 ,0.37768 ,0.32277 
0.46910 ,0.32205 ,0.41871 ,0.21861 ,-0.19869 ,-0.84912 ,-0.69289 ,-0.76936 ,-0.49337 ,-0.79709 ,-0.79661 ,-0.51510 ,-0.61429 ,-0.48734 ,-0.74374 ,-0.74332 ,-0.77001 ,-0.82300 ,-0.64178 ,-0.58577 ,-0.59212 ,-0.82320 ,-0.61497 ,-0.79856 ,-0.51425 ,-0.84921 ,-0.66150 ,-0.64186 ,-0.74601 ,-0.63802 ,-0.48602 ,-0.51160 ,-0.48704 ,-0.71946 ,-0.82339 ,-0.87500 ,-0.53725 ,-0.58873 ,-0.79698 ,-0.66977 ,-0.51371 ,-0.59098 ,-0.68862 ,-0.61526 ,-0.67014 ,-0.59400 ,-0.77194 ,-0.56356 ,-0.87500 ,-0.58503 ,-0.56703 ,-0.61369 ,0.75088 ,1.00000 ,0.61774 ,0.77421 ,0.92555 ,0.77776 ,0.89978 ,0.72794 ,0.65025 ,0.69389 ,0.92638 ,0.67395 ,0.68162 ,0.90030 ,0.69816 ,0.90167 ,0.95002 ,0.84985 ,0.97482 ,0.66783 ,0.79908 ,0.95031 ,0.87568 ,0.92383 ,0.97529 ,0.82240 ,1.00000 ,0.63154 ,0.74912 ,0.87440 ,0.82276 ,0.62318 ,0.67616 ,0.85132 ,0.89838 ,0.97477 ,0.64912 ,0.69430 ,0.92627 ,0.70641 ,0.97507 ,0.67694 ,0.72787 ,0.97496 ,0.65181 ,1.00000 ,0.94892 ,0.92496 
0.49020 ,0.39718 ,0.31079 ,0.27883 ,-0.32204 ,-0.87500 ,-0.87500 ,-0.87500 ,-0.87500 ,-0.87500 ,-0.87500 ,-0.87500 ,-0.87500 ,-0.87500 ,-0.87500 ,-0.87500 ,-0.87500 ,-0.87500 ,-0.87500 ,-0.87500 ,-0.87500 ,-0.87500 ,-0.87500 ,-0.87500 ,-0.87500 ,-0.87500 ,-0.87500 ,-0.87500 ,-0.87500 ,-0.87500 ,-0.87500 ,-0.87500 ,-0.87500 ,-0.87500 ,-0.87500 ,-0.87500 ,-0.87500 ,-0.87500 ,-0.87500 ,-0.87500 ,-0.87500 ,-0.87500 ,-0.87500 ,-0.87500 ,-0.87500 ,-0.87500 ,-0.87500 ,-0.87500 ,-0.87500 ,-0.87500 ,-0.87500 ,-0.87500 ,1.00000 ,1.00000 ,1.00000 ,1.00000 ,1.00000 ,1.00000 ,1.00000 ,1.00000 ,1.00000 ,1.00000 ,1.00000 ,1.00000 ,1.00000 ,1.00000 ,1.00000 ,1.00000 ,1.00000 ,1.00000 ,1.00000 ,1.00000 ,1.00000 ,1.00000 ,1.00000 ,1.00000 ,1.00000 ,1.00000 ,1.00000 ,1.00000 ,1.00000 ,1.00000 ,1.00000 ,1.00000 ,1.00000 ,1.00000 ,1.00000 ,1.00000 ,1.00000 ,1.00000 ,1.00000 ,1.00000 ,1.00000 ,1.00000 ,1.00000 ,1.00000 ,1.00000 ,1.00000 ,1.00000 ,1.00000 
0.56518 ,0.17409 ,0.31942 ,0.39867 ,0.03719 ,-0.58666 ,-0.74338 ,-0.51008 ,-0.55741 ,-0.79697 ,-0.74437 ,-0.82270 ,-0.84921 ,-0.66572 ,-0.87500 ,-0.84874 ,-0.79701 ,-0.68867 ,-0.87500 ,-0.48671 ,-0.71621 ,-0.48026 ,-0.48588 ,-0.60925 ,-0.66751 ,-0.66229 ,-0.66736 ,-0.76982 ,-0.87500 ,-0.84907 ,-0.74338 ,-0.66839 ,-0.50965 ,-0.82132 ,-0.66439 ,-0.74567 ,-0.56212 ,-0.53805 ,-0.71658 ,-0.74584 ,-0.74484 ,-0.77089 ,-0.64107 ,-0.79675 ,-0.58963 ,-0.64526 ,-0.79526 ,-0.53604 ,-0.79724 ,-0.66782 ,-0.77107 ,-0.79727 ,0.74547 ,0.82437 ,0.82017 ,1.00000 ,0.72274 ,0.85007 ,0.87642 ,0.90217 ,0.62305 ,0.72382 ,0.82698 ,0.67887 ,0.70661 ,0.97565 ,0.87422 ,0.77875 ,0.77090 ,1.00000 ,0.67582 ,0.85307 ,0.97492 ,0.72878 ,0.90202 ,0.89875 ,0.75356 ,0.65149 ,0.94976 ,0.97567 ,1.00000 ,1.00000 ,0.95054 ,0.84971 ,0.77773 ,0.64615 ,0.84847 ,0.70593 ,0.84562 ,0.65040 ,0.82321 ,0.71966 ,0.77275 ,1.00000 ,0.74934 ,0.90148 ,0.97441 ,0.67008 ,0.77645 ,0.75257 
-0.10954 ,-0.05312 ,0.49738 ,0.30667 ,-0.08717 ,-0.44305 ,-0.21072 ,-0.46622 ,-0.64678 ,-0.41711 ,-0.64816 ,-0.49529 ,-0.39145 ,-0.74749 ,-0.29477 ,-0.41333 ,-0.49713 ,-0.39794 ,-0.40072 ,-0.23706 ,-0.39435 ,-0.69429 ,-0.66945 ,-0.54373 ,-0.57677 ,-0.56627 ,-0.38856 ,-0.62328 ,-0.46699 ,-0.26872 ,-0.48950 ,-0.67635 ,-0.49832 ,-0.31289 ,-0.52283 ,-0.59466 ,-0.36804 ,-0.49391 ,-0.59434 ,-0.34258 ,-0.56872 ,-0.44411 ,-0.64785 ,-0.64989 ,-0.62061 ,-0.47685 ,-0.52535 ,-0.79865 ,-0.57594 ,-0.26386 ,-0.27296 ,-0.69707 ,0.53332 ,0.42695 ,0.72442 ,0.80596 ,0.57390 ,0.95018 ,0.62751 ,0.57805 ,0.47831 ,0.27847 ,0.79700 ,0.55645 ,0.68212 ,0.77098 ,0.67606 ,0.64940 ,0.51616 ,0.75406 ,0.57214 ,0.45712 ,0.52607 ,0.65193 ,0.67948 ,0.60350 ,0.64896 ,0.55194 ,0.82918 ,0.63594 ,0.60046 ,1.00000 ,0.59140 ,0.56877 ,0.59897 ,0.28819 ,0.70667 ,0.80663 ,0.62464 ,0.65539 ,0.72898 ,0.58745 ,0.32688 ,0.60616 ,0.64622 ,0.67800 ,0.42040 ,0.92634 ,0.60431 ,0.51053 
0.67110 ,0.40760 ,0.11731 ,0.27264 ,-0.24826 ,-0.87500 ,-0.87500 ,-0.87500 ,-0.87500 ,-0.87500 ,-0.87500 ,-0.87500 ,-0.87500 ,-0.87500 ,-0.87500 ,-0.87500 ,-0.87500 ,-0.87500 ,-0.87500 ,-0.87500 ,-0.87500 ,-0.87500 ,-0.87500 ,-0.87500 ,-0.87500 ,-0.87500 ,-0.87500 ,-0.87500 ,-0.87500 ,-0.87500 ,-0.87500 ,-0.87500 ,-0.87500 ,-0.87500 ,-0.87500 ,-0.87500 ,-0.87500 ,-0.87500 ,-0.87500 ,-0.87500 ,-0.87500 ,-0.87500 ,-0.87500 ,-0.87500 ,-0.87500 ,-0.87500 ,-0.87500 ,-0.87500 ,-0.87500 ,-0.87500 ,-0.87500 ,-0.87500 ,1.00000 ,1.00000 ,1.00000 ,1.00000 ,1.00000 ,1.00000 ,1.00000 ,1.00000 ,1.00000 ,1.00000 ,1.00000 ,1.00000 ,1.00000 ,1.00000 ,1.00000 ,1.00000 ,1.00000 ,1.00000 ,1.00000 ,1.00000 ,1.00000 ,1.00000 ,1.00000 ,1.00000 ,1.00000 ,1.00000 ,1.00000 ,1.00000 ,1.00000 ,1.00000 ,1.00000 ,1.00000 ,1.00000 ,1.00000 ,1.00000 ,1.00000 ,1.00000 ,1.00000 ,1.00000 ,1.00000 ,1.00000 ,1.00000 ,1.00000 ,1.00000 ,1.00000 ,1.00000 ,1.00000 ,1.00000 
0.46796 ,0.15052 ,0.04685 ,0.08166 ,-0.21588 ,-0.72453 ,-0.49340 ,-0.43959 ,-0.69751 ,-0.19154 ,-0.87500 ,-0.54783 ,-0.26522 ,-0.64686 ,-0.21857 ,-0.19208 ,-0.34501 ,-0.29759 ,-0.37660 ,-0.54227 ,-0.54660 ,-0.37112 ,-0.72379 ,-0.59895 ,-0.47177 ,-0.42021 ,-0.59980 ,-0.47017 ,-0.44478 ,-0.24998 ,-0.77277 ,-0.27524 ,-0.26435 ,-0.59936 ,-0.57067 ,-0.70038 ,-0.54562 ,-0.64866 ,-0.74816 ,-0.42178 ,-0.52368 ,-0.30088 ,-0.82458 ,-0.54746 ,-0.42116 ,-0.42695 ,-0.22035 ,-0.36834 ,-0.52355 ,-0.52049 ,-0.21886 ,-0.59664 ,0.34559 ,0.57570 ,1.00000 ,0.82320 ,0.90124 ,0.59344 ,0.54013 ,0.54313 ,0.49305 ,0.77617 ,0.85098 ,0.56876 ,0.69973 ,0.84845 ,0.92298 ,0.50216 ,0.59453 ,0.24134 ,0.92643 ,0.52402 ,0.46089 ,0.77119 ,0.87516 ,0.61886 ,0.64611 ,0.54315 ,0.79527 ,0.50049 ,0.72250 ,0.61940 ,0.49053 ,1.00000 ,0.89856 ,0.75065 ,0.87560 ,0.87533 ,0.72015 ,0.49032 ,0.51708 ,0.54554 ,0.43222 ,0.92532 ,0.36964 ,0.72526 ,0.65241 ,0.82533 ,0.67008 ,0.37490 
0.67703 ,0.40324 ,0.36695 ,-0.02821 ,-0.45305 ,-0.87500 ,-0.58756 ,-0.66609 ,-0.74542 ,-0.61243 ,-0.58780 ,-0.48687 ,-0.79687 ,-0.64127 ,-0.50956 ,-0.56385 ,-0.63691 ,-0.61508 ,-0.48458 ,-0.56178 ,-0.58965 ,-0.66651 ,-0.61253 ,-0.69481 ,-0.82236 ,-0.84915 ,-0.47462 ,-0.71786 ,-0.87500 ,-0.76938 ,-0.55978 ,-0.79720 ,-0.82176 ,-0.50427 ,-0.77100 ,-0.48548 ,-0.50763 ,-0.87500 ,-0.50912 ,-0.82228 ,-0.84894 ,-0.79703 ,-0.56034 ,-0.50970 ,-0.74534 ,-0.50913 ,-0.76761 ,-0.48554 ,-0.77173 ,-0.61646 ,-0.74455 ,-0.51241 ,1.00000 ,0.87510 ,0.65835 ,0.77288 ,0.66812 ,0.87240 ,0.87456 ,0.67098 ,0.70315 ,0.87724 ,0.67940 ,0.64501 ,0.97512 ,0.92480 ,0.72412 ,0.72891 ,0.95120 ,0.97497 ,0.75006 ,0.90088 ,1.00000 ,0.87497 ,0.95028 ,0.72294 ,0.69163 ,0.82312 ,0.94979 ,0.75052 ,0.84967 ,0.82146 ,0.90005 ,0.61704 ,1.00000 ,0.67405 ,0.67404 ,0.92463 ,0.97517 ,0.77011 ,0.92384 ,1.00000 ,0.82677 ,0.82804 ,0.81908 ,0.82511 ,0.97507 ,0.87370 ,0.72153 ,0.70600 
0.42195 ,0.52308 ,0.26824 ,0.19806 ,0.03393 ,-0.50019 ,-0.82393 ,-0.54311 ,-0.51633 ,-0.84923 ,-0.67082 ,-0.51650 ,-0.82435 ,-0.69488 ,-0.69072 ,-0.82349 ,-0.67164 ,-0.77102 ,-0.54599 ,-0.71977 ,-0.61989 ,-0.87500 ,-0.49282 ,-0.72330 ,-0.79923 ,-0.66897 ,-0.77187 ,-0.69175 ,-0.61576 ,-0.54250 ,-0.74562 ,-0.87500 ,-0.87500 ,-0.56734 ,-0.64358 ,-0.84943 ,-0.61748 ,-0.56700 ,-0.53768 ,-0.84900 ,-0.59308 ,-0.79825 ,-0.79498 ,-0.77223 ,-0.66853 ,-0.62404 ,-0.79808 ,-0.59596 ,-0.64730 ,-0.82250 ,-0.51835 ,-0.62187 ,0.65615 ,0.80547 ,0.89853 ,0.85282 ,0.63438 ,0.80276 ,1.00000 ,1.00000 ,0.65252 ,1.00000 ,0.73126 ,0.90081 ,0.90248 ,0.87457 ,0.80010 ,0.82988 ,0.87642 ,0.97516 ,0.82692 ,0.87586 ,0.94961 ,0.92545 ,0.90107 ,0.77493 ,0.80529 ,0.95014 ,0.78084 ,0.82774 ,0.94996 ,0.92631 ,0.79935 ,0.89966 ,0.67584 ,1.00000 ,0.85266 ,0.79998 ,0.95052 ,0.75101 ,0.87843 ,0.97566 ,0.67221 ,0.82742 ,1.00000 ,0.97557 ,0.92609 ,0.92711 ,0.70607 ,0.95067 
0.07868 ,0.26840 ,0.36195 ,0.13169 ,-0.27255 ,-0.87500 ,-0.64012 ,-0.53757 ,-0.33244 ,-0.53749 ,-0.87500 ,-0.48862 ,-0.43550 ,-0.24758 ,-0.28313 ,-0.77216 ,-0.32816 ,-0.64035 ,-0.28239 ,-0.27655 ,-0.30229 ,-0.45828 ,-0.51439 ,-0.56659 ,-0.45971 ,-0.40244 ,-0.66275 ,-0.08051 ,-0.61431 ,-0.72100 ,-0.30360 ,-0.50982 ,-0.82330 ,-0.48443 ,-0.51292 ,-0.46052 ,-0.58977 ,-0.38424 ,-0.56528 ,-0.35427 ,-0.51186 ,-0.14702 ,-0.25441 ,-0.22039 ,-0.18068 ,-0.51545 ,-0.61490 ,-0.48586 ,-0.41521 ,-0.58818 ,-0.71973 ,-0.66811 ,0.74984 ,0.80221 ,0.49653 ,0.70223 ,0.55292 ,0.87620 ,0.69548 ,0.62796 ,0.77438 ,0.46869 ,0.69900 ,0.80159 ,0.58295 ,0.84971 ,0.69826 ,0.47455 ,0.74586 ,0.89908 ,0.42244 ,0.43317 ,0.77276 ,0.70029 ,0.55771 ,0.69422 ,0.52632 ,0.84881 ,0.58129 ,0.58036 ,0.59847 ,0.47624 ,0.64765 ,0.77427 ,0.66991 ,0.67397 ,1.00000 ,0.38001 ,0.57253 ,0.45080 ,0.62877 ,0.75121 ,0.59965 ,0.87717 ,0.67349 ,0.80058 ,0.85077 ,0.55402 ,0.65351 ,0.42500 
0.34540 ,0.37610 ,0.46475 ,0.26667 ,-0.48138 ,-0.69942 ,-0.56333 ,-0.74650 ,-0.77449 ,-0.49626 ,-0.57142 ,-0.49485 ,-0.69822 ,-0.62389 ,-0.67594 ,-0.62371 ,-0.64903 ,-0.69942 ,-0.79953 ,-0.74851 ,-0.49753 ,-0.79871 ,-0.64682 ,-0.54624 ,-0.64824 ,-0.77205 ,-0.84991 ,-0.51498 ,-0.52339 ,-0.61941 ,-0.77225 ,-0.69778 ,-0.84965 ,-0.79959 ,-0.49032 ,-0.82484 ,-0.48913 ,-0.79929 ,-0.72302 ,-0.72363 ,-0.64890 ,-0.87500 ,-0.59304 ,-0.84964 ,-0.49844 ,-0.64900 ,-0.62070 ,-0.57355 ,-0.65035 ,-0.51540 ,-0.54924 ,-0.82472 ,0.94982 ,0.79794 ,0.90114 ,0.92767 ,0.66448 ,0.85226 ,0.68169 ,0.95180 ,0.97499 ,0.82370 ,0.95107 ,0.73242 ,1.00000 ,0.63375 ,0.73136 ,0.68129 ,0.67745 ,0.97593 ,0.73145 ,0.75825 ,0.82894 ,0.70412 ,0.70586 ,0.85010 ,0.78422 ,0.72273 ,0.73616 ,0.85382 ,0.95167 ,0.73399 ,0.82876 ,0.85334 ,0.65377 ,0.73076 ,0.78138 ,1.00000 ,0.90196 ,1.00000 ,0.90259 ,0.73491 ,0.65369 ,0.63217 ,0.73362 ,0.70624 ,0.63953 ,1.00000 ,1.00000 ,0.87853 
0.03715 ,0.20054 ,0.29999 ,0.29870 ,-0.01738 ,-0.48122 ,-0.84901 ,-0.82291 ,-0.54029 ,-0.65962 ,-0.58418 ,-0.51180 ,-0.61780 ,-0.58896 ,-0.84964 ,-0.56021 ,-0.71877 ,-0.69156 ,-0.77233 ,-0.48900 ,-0.84880 ,-0.71372 ,-0.54440 ,-0.66730 ,-0.79733 ,-0.66917 ,-0.82208 ,-0.71848 ,-0.64330 ,-0.58876 ,-0.82328 ,-0.55849 ,-0.51121 ,-0.64213 ,-0.69216 ,-0.77222 ,-0.79428 ,-0.74314 ,-0.66608 ,-0.51587 ,-0.64188 ,-0.84874 ,-0.87500 ,-0.50165 ,-0.61598 ,-0.61628 ,-0.50809 ,-0.61706 ,-0.56472 ,-0.58915 ,-0.61410 ,-0.66828 ,0.92599 ,0.85103 ,0.94880 ,0.89725 ,0.82322 ,0.90034 ,0.69686 ,0.87349 ,0.66214 ,0.95107 ,0.87773 ,0.63978 ,0.79513 ,0.94979 ,0.75016 ,0.80181 ,0.62689 ,0.84989 ,0.67500 ,0.62765 ,0.63915 ,0.95025 ,0.95064 ,0.92658 ,0.95029 ,0.92453 ,0.70302 ,0.82637 ,0.95042 ,0.65012 ,0.95104 ,0.62007 ,0.77808 ,0.63120 ,0.97516 ,0.90017 ,1.00000 ,0.74506 ,0.62445 ,0.67702 ,0.97541 ,0.92603 ,0.77238 ,0.97536 ,0.75293 ,0.84756 ,1.00000 ,0.87762 
0.51841 ,0.49765 ,0.33200 ,0.01321 ,-0.50926 ,-0.74189 ,-0.46985 ,-0.58117 ,-0.50413 ,-0.74228 ,-0.68811 ,-0.71468 ,-0.58308 ,-0.82051 ,-0.82257 ,-0.63674 ,-0.53160 ,-0.79575 ,-0.79628 ,-0.60969 ,-0.79577 ,-0.84842 ,-0.63751 ,-0.87500 ,-0.60536 ,-0.55844 ,-0.74264 ,-0.55604 ,-0.65809 ,-0.58582 ,-0.47756 ,-0.53382 ,-0.60630 ,-0.74141 ,-0.87500 ,-0.68820 ,-0.74092 ,-0.66291 ,-0.55684 ,-0.66362 ,-0.53052 ,-0.74149 ,-0.76893 ,-0.46697 ,-0.49667 ,-0.63914 ,-0.74050 ,-0.60464 ,-0.87500 ,-0.82229 ,-0.60310 ,-0.55839 ,0.87066 ,0.61586 ,0.62729 ,0.67763 ,0.84649 ,0.69910 ,0.82451 ,0.97466 ,0.86990 ,0.63872 ,0.85016 ,0.64093 ,0.87401 ,0.65003 ,0.72822 ,0.66289 ,0.84676 ,0.97485 ,0.63598 ,0.89938 ,0.92632 ,0.64115 ,0.82419 ,0.89538 ,0.74614 ,0.85028 ,0.89876 ,0.79666 ,0.64510 ,0.74860 ,0.81811 ,0.97405 ,0.68635 ,0.74890 ,0.87429 ,0.72247 ,0.64026 ,1.00000 ,0.89959 ,0.89847 ,0.97434 ,0.66431 ,0.92319 ,0.61703 ,0.67382 ,0.95018 ,0.84868 ,0.92429 
0.39333 ,0.52332 ,0.11128 ,-0.05231 ,0.06366 ,-0.46503 ,-0.43088 ,-0.20624 ,-0.56808 ,-0.45553 ,-0.66800 ,-0.46581 ,-0.67137 ,-0.38509 ,-0.52021 ,-0.51506 ,-0.56818 ,-0.69589 ,-0.39157 ,-0.82249 ,-0.38438 ,-0.53706 ,-0.77339 ,-0.54510 ,-0.28633 ,-0.10215 ,-0.28050 ,-0.46046 ,-0.61675 ,-0.38966 ,-0.43608 ,-0.66823 ,-0.64449 ,-0.66813 ,-0.69123 ,-0.56790 ,-0.59007 ,-0.30855 ,-0.30874 ,-0.61950 ,-0.56868 ,-0.41291 ,-0.71986 ,-0.67017 ,-0.54350 ,-0.26732 ,-0.46171 ,-0.35527 ,-0.59576 ,-0.35783 ,-0.74657 ,-0.56621 ,0.80431 ,0.45520 ,0.42130 ,0.25335 ,0.87610 ,0.52843 ,0.44884 ,0.62569 ,0.44762 ,0.66873 ,0.60464 ,0.80278 ,0.65442 ,0.62672 ,0.82267 ,0.85076 ,0.82283 ,0.40315 ,0.61436 ,0.82684 ,0.52679 ,0.62572 ,0.45636 ,0.72170 ,0.41611 ,0.87577 ,0.70386 ,0.67997 ,0.57938 ,0.65724 ,0.77463 ,0.52188 ,0.62026 ,0.46211 ,0.65732 ,0.82801 ,0.94876 ,0.47707 ,1.00000 ,0.92582 ,0.49547 ,0.60451 ,0.52646 ,0.70266 ,0.87659 ,0.43878 ,0.80240 ,0.72357 
0.05403 ,0.65389 ,0.36504 ,-0.10529 ,-0.24654 ,-0.51856 ,-0.14444 ,-0.54036 ,-0.35611 ,-0.61622 ,-0.32772 ,-0.64092 ,-0.43740 ,-0.74628 ,-0.20576 ,-0.30762 ,-0.41284 ,-0.22729 ,-0.53886 ,-0.61713 ,-0.50962 ,-0.56502 ,-0.38482 ,-0.53960 ,-0.41460 ,-0.77029 ,-0.43360 ,-0.43224 ,-0.19782 ,-0.51504 ,-0.15088 ,-0.69353 ,-0.53863 ,-0.53043 ,-0.77051 ,-0.23497 ,-0.64175 ,-0.61747 ,-0.35450 ,-0.20411 ,-0.12061 ,-0.35584 ,-0.77187 ,-0.41081 ,-0.82395 ,-0.66891 ,-0.56094 ,-0.61447 ,-0.28581 ,-0.51467 ,-0.17662 ,-0.66954 ,0.67284 ,0.35876 ,0.36636 ,0.44562 ,0.87505 ,0.63078 ,0.45311 ,0.50472 ,0.84980 ,0.82205 ,0.65634 ,0.52644 ,0.63478 ,0.40612 ,0.56891 ,0.80259 ,0.65363 ,0.70292 ,0.69875 ,0.68173 ,0.44659 ,0.80424 ,0.55534 ,0.27163 ,0.85074 ,0.52828 ,0.72666 ,0.51015 ,0.59429 ,0.72572 ,0.67667 ,0.67550 ,0.67414 ,0.75322 ,0.55344 ,0.50219 ,0.52043 ,0.74842 ,0.52658 ,1.00000 ,0.82758 ,0.55922 ,0.97488 ,0.50867 ,0.62594 ,0.75058 ,0.72836 ,0.92640 
0.38660 ,0.50380 ,0.23678 ,-0.10329 ,-0.37192 ,-0.82232 ,-0.55659 ,-0.69188 ,-0.74166 ,-0.61265 ,-0.55955 ,-0.58567 ,-0.66541 ,-0.84885 ,-0.64262 ,-0.66356 ,-0.61315 ,-0.50056 ,-0.64004 ,-0.71777 ,-0.47589 ,-0.71582 ,-0.71942 ,-0.79593 ,-0.84890 ,-0.84837 ,-0.84884 ,-0.53146 ,-0.63864 ,-0.66604 ,-0.55846 ,-0.84908 ,-0.69119 ,-0.58387 ,-0.84851 ,-0.56411 ,-0.74357 ,-0.77075 ,-0.47697 ,-0.56240 ,-0.56077 ,-0.53604 ,-0.87500 ,-0.61154 ,-0.82311 ,-0.87500 ,-0.60751 ,-0.76960 ,-0.61627 ,-0.84905 ,-0.53374 ,-0.61495 ,0.92403 ,0.64801 ,0.63485 ,0.77003 ,0.94956 ,0.61888 ,0.69599 ,0.67087 ,0.84759 ,0.94995 ,0.65313 ,0.89903 ,0.87688 ,0.79879 ,0.69013 ,1.00000 ,1.00000 ,0.77416 ,0.90038 ,0.62730 ,0.79291 ,0.94958 ,0.67433 ,0.67166 ,0.92468 ,0.82210 ,0.71993 ,0.80257 ,0.77046 ,0.76957 ,0.72273 ,0.62473 ,1.00000 ,0.82234 ,0.61764 ,0.87454 ,0.61306 ,0.82152 ,0.63871 ,0.94952 ,1.00000 ,0.77548 ,0.92338 ,0.67614 ,0.79979 ,0.89608 ,1.00000 ,0.92573 
0.54571 ,0.47852 ,0.11669 ,0.11766 ,-0.06805 ,-0.87500 ,-0.87500 ,-0.87500 ,-0.87500 ,-0.87500 ,-0.87500 ,-0.87500 ,-0.87500 ,-0.87500 ,-0.87500 ,-0.87500 ,-0.87500 ,-0.87500 ,-0.87500 ,-0.87500 ,-0.87500 ,-0.87500 ,-0.87500 ,-0.87500 ,-0.87500 ,-0.87500 ,-0.87500 ,-0.87500 ,-0.87500 ,-0.87500 ,-0.87500 ,-0.87500 ,-0.87500 ,-0.87500 ,-0.87500 ,-0.87500 ,-0.87500 ,-0.87500 ,-0.87500 ,-0.87500 ,-0.87500 ,-0.87500 ,-0.87500 ,-0.87500 ,-0.87500 ,-0.87500 ,-0.87500 ,-0.87500 ,-0.87500 ,-0.87500 ,-0.87500 ,-0.87500 ,1.00000 ,1.00000 ,1.00000 ,1.00000 ,1.00000 ,1.00000 ,1.00000 ,1.00000 ,1.00000 ,1.00000 ,1.00000 ,1.00000 ,1.00000 ,1.00000 ,1.00000 ,1.00000 ,1.00000 ,1.00000 ,1.00000 ,1.00000 ,1.00000 ,1.00000 ,1.00000 ,1.00000 ,1.00000 ,1.00000 ,1.00000 ,1.00000 ,1.00000 ,1.00000 ,1.00000 ,1.00000 ,1.00000 ,1.00000 ,1.00000 ,1.00000 ,1.00000 ,1.00000 ,1.00000 ,1.00000 ,1.00000 ,1.00000 ,1.00000 ,1.00000 ,1.00000 ,1.00000 ,1.00000 ,1.00000 
0.51862 ,0.27584 ,0.01962 ,0.49967 ,-0.30211 ,-0.49361 ,-0.72132 ,-0.82347 ,-0.54884 ,-0.79995 ,-0.52251 ,-0.79947 ,-0.69886 ,-0.64673 ,-0.82505 ,-0.84956 ,-0.72308 ,-0.72461 ,-0.87500 ,-0.82400 ,-0.79932 ,-0.59653 ,-0.67371 ,-0.54992 ,-0.77480 ,-0.67216 ,-0.52299 ,-0.49668 ,-0.82424 ,-0.75080 ,-0.57189 ,-0.87500 ,-0.74872 ,-0.49947 ,-0.72263 ,-0.64893 ,-0.79936 ,-0.49283 ,-0.56738 ,-0.79979 ,-0.67567 ,-0.87500 ,-0.57301 ,-0.49881 ,-0.67425 ,-0.70258 ,-0.74963 ,-0.64369 ,-0.87500 ,-0.69644 ,-0.75090 ,-0.64735 ,0.92688 ,1.00000 ,0.65256 ,0.63780 ,0.63105 ,0.80601 ,0.97546 ,0.73067 ,0.97531 ,0.82827 ,0.80629 ,0.85281 ,0.66725 ,0.80479 ,0.65506 ,0.78338 ,0.97442 ,0.97541 ,0.68288 ,1.00000 ,0.95055 ,0.80341 ,0.66172 ,0.67297 ,0.80700 ,0.92601 ,0.66340 ,0.87997 ,0.75918 ,0.79460 ,0.82760 ,0.64609 ,0.65658 ,0.83070 ,0.66116 ,0.63875 ,0.72575 ,0.90227 ,0.75852 ,0.87856 ,0.87942 ,0.65948 ,1.00000 ,0.78272 ,0.83140 ,0.78170 ,0.62692 ,0.92725 
0.54089 ,0.29798 ,0.08827 ,-0.03247 ,-0.40284 ,-0.87500 ,-0.69112 ,-0.84868 ,-0.72049 ,-0.47822 ,-0.63475 ,-0.74615 ,-0.71951 ,-0.82272 ,-0.87500 ,-0.74346 ,-0.77180 ,-0.87500 ,-0.58910 ,-0.47356 ,-0.82284 ,-0.66421 ,-0.82349 ,-0.58291 ,-0.79663 ,-0.71984 ,-0.74551 ,-0.48424 ,-0.82286 ,-0.79652 ,-0.61295 ,-0.77067 ,-0.55890 ,-0.66445 ,-0.77072 ,-0.58867 ,-0.66559 ,-0.79614 ,-0.79601 ,-0.76987 ,-0.74590 ,-0.84919 ,-0.79673 ,-0.55336 ,-0.84902 ,-0.61810 ,-0.71943 ,-0.74516 ,-0.77278 ,-0.74588 ,-0.82306 ,-0.69274 ,0.84921 ,0.87385 ,1.00000 ,0.80188 ,0.94916 ,0.87618 ,0.87517 ,0.62934 ,0.70701 ,0.87413 ,0.68120 ,0.94983 ,0.97544 ,0.65370 ,0.77491 ,0.82756 ,0.77831 ,0.85355 ,0.97531 ,0.97542 ,0.90020 ,0.70713 ,0.80487 ,0.97508 ,0.95111 ,0.80067 ,0.65310 ,0.70654 ,0.65426 ,0.77484 ,0.62422 ,0.77451 ,0.63045 ,0.80254 ,0.97535 ,0.72895 ,0.70162 ,0.94955 ,0.79858 ,0.85099 ,0.80153 ,0.72901 ,0.92650 ,1.00000 ,0.90190 ,0.76863 ,0.92451 ,0.77896 
0.21666 ,0.04577 ,0.61604 ,0.07632 ,-0.06636 ,-0.49068 ,-0.74593 ,-0.44136 ,-0.48550 ,-0.67101 ,-0.64310 ,-0.64535 ,-0.56930 ,-0.44040 ,-0.51653 ,-0.84981 ,-0.59239 ,-0.66761 ,-0.59678 ,-0.20732 ,-0.46206 ,-0.51282 ,-0.16647 ,-0.51198 ,-0.28818 ,-0.38369 ,-0.30636 ,-0.48636 ,-0.74597 ,-0.77275 ,-0.44057 ,-0.33643 ,-0.31253 ,-0.74465 ,-0.43871 ,-0.62021 ,-0.23567 ,-0.23924 ,-0.31422 ,-0.46853 ,-0.69605 ,-0.46408 ,-0.39124 ,-0.61728 ,-0.34314 ,-0.37102 ,-0.69632 ,-0.38731 ,-0.77428 ,-0.46684 ,-0.57000 ,-0.77342 ,0.68276 ,0.70590 ,0.49785 ,0.92605 ,0.75220 ,0.73030 ,0.51464 ,0.67924 ,0.57428 ,0.54975 ,0.73263 ,0.57932 ,0.49223 ,0.85133 ,0.57586 ,0.43169 ,0.62621 ,0.79909 ,0.50457 ,0.58282 ,0.97485 ,0.62923 ,0.80290 ,0.49917 ,0.50765 ,0.55103 ,0.85322 ,0.62978 ,0.70285 ,0.75479 ,0.85002 ,0.50658 ,0.50089 ,0.28612 ,0.70242 ,0.41153 ,0.55188 ,0.27951 ,0.48364 ,0.62695 ,0.57785 ,0.95139 ,0.42930 ,0.80307 ,1.00000 ,0.33130 ,0.51055 ,0.43654 
0.05879 ,0.37047 ,0.38860 ,0.37431 ,-0.19870 ,-0.33193 ,-0.55768 ,-0.74426 ,-0.64399 ,-0.17509 ,-0.25291 ,-0.22965 ,-0.64315 ,-0.41261 ,-0.33446 ,-0.56677 ,-0.38154 ,-0.36110 ,-0.59226 ,-0.43548 ,-0.10104 ,-0.74542 ,-0.61654 ,-0.46245 ,-0.56599 ,-0.38829 ,-0.45777 ,-0.37755 ,-0.22819 ,-0.51239 ,-0.38707 ,-0.48747 ,-0.49046 ,-0.56435 ,-0.19785 ,-0.74697 ,-0.27493 ,-0.71851 ,-0.40829 ,-0.53995 ,-0.46377 ,-0.56267 ,-0.56177 ,-0.72097 ,-0.17864 ,-0.44017 ,-0.27212 ,-0.23102 ,-0.62028 ,-0.35205 ,-0.15218 ,-0.59267 ,0.62637 ,0.67297 ,0.62565 ,0.87702 ,0.65210 ,0.80352 ,0.42726 ,0.77700 ,0.67573 ,0.43781 ,0.95000 ,0.38681 ,0.94937 ,0.57484 ,0.55101 ,0.44798 ,0.31946 ,0.59713 ,0.51777 ,0.45682 ,0.75204 ,0.38138 ,0.67625 ,0.48886 ,0.65669 ,0.56885 ,0.47876 ,0.50527 ,0.80020 ,0.63152 ,0.49935 ,0.79814 ,0.36864 ,0.62769 ,0.65317 ,0.90176 ,0.77310 ,0.82753 ,0.73000 ,0.58013 ,0.47024 ,0.35121 ,0.42915 ,0.44890 ,0.32868 ,1.00000 ,1.00000 ,0.75054 
0.41513 ,0.24357 ,0.35846 ,-0.05469 ,-0.17046 ,-0.56159 ,-0.54047 ,-0.87500 ,-0.74744 ,-0.72399 ,-0.59204 ,-0.69543 ,-0.58740 ,-0.74224 ,-0.49312 ,-0.72247 ,-0.56937 ,-0.64569 ,-0.59521 ,-0.67224 ,-0.51236 ,-0.77320 ,-0.49094 ,-0.49354 ,-0.72233 ,-0.67280 ,-0.72033 ,-0.77308 ,-0.74726 ,-0.57282 ,-0.66945 ,-0.63748 ,-0.58889 ,-0.64150 ,-0.59634 ,-0.48425 ,-0.58796 ,-0.59306 ,-0.79788 ,-0.69782 ,-0.79907 ,-0.54443 ,-0.74653 ,-0.87500 ,-0.57347 ,-0.87500 ,-0.72219 ,-0.56536 ,-0.87500 ,-0.67099 ,-0.61330 ,-0.59481 ,0.80116 ,0.82735 ,0.77704 ,0.83144 ,0.72857 ,0.97600 ,0.70273 ,0.90220 ,0.80115 ,1.00000 ,0.66024 ,0.63877 ,1.00000 ,0.85346 ,0.80430 ,0.77775 ,1.00000 ,0.87626 ,0.97444 ,0.68688 ,0.75750 ,0.87937 ,0.90236 ,0.65093 ,1.00000 ,0.92561 ,0.73223 ,0.63404 ,0.75372 ,0.73010 ,0.92565 ,0.67460 ,0.92540 ,0.92737 ,1.00000 ,0.95097 ,0.82608 ,1.00000 ,0.77857 ,0.65186 ,0.72956 ,0.78003 ,0.63081 ,0.95134 ,0.73372 ,0.72792 ,1.00000 ,0.62897 
0.27178 ,0.35577 ,0.44487 ,0.50464 ,-0.22042 ,-0.61787 ,-0.33402 ,-0.67275 ,-0.43443 ,-0.34684 ,-0.38541 ,-0.33848 ,-0.66819 ,-0.22968 ,-0.42184 ,-0.15129 ,-0.30819 ,-0.54284 ,-0.30886 ,-0.69853 ,-0.35763 ,-0.38122 ,-0.46090 ,-0.46160 ,-0.22463 ,-0.20722 ,-0.54427 ,-0.36019 ,-0.33226 ,-0.53539 ,-0.19945 ,-0.48521 ,-0.66903 ,-0.69106 ,-0.64361 ,-0.48684 ,-0.22192 ,-0.62058 ,-0.64009 ,-0.61071 ,-0.32956 ,-0.33239 ,-0.51411 ,-0.51044 ,-0.51739 ,-0.56446 ,-0.32127 ,-0.48223 ,-0.54001 ,-0.84796 ,-0.72050 ,-0.30621 ,0.60468 ,0.67841 ,0.42034 ,0.35123 ,0.95172 ,0.82630 ,0.80264 ,0.70874 ,0.73590 ,0.55771 ,0.52881 ,0.55291 ,0.75873 ,0.50998 ,0.35524 ,0.48527 ,0.87666 ,0.75033 ,0.58129 ,0.80422 ,0.67027 ,0.65321 ,0.48383 ,0.38285 ,0.57718 ,0.37960 ,0.64813 ,0.78173 ,0.65485 ,0.48140 ,0.40743 ,0.62080 ,0.66062 ,0.65420 ,0.53281 ,0.42938 ,0.82675 ,0.39486 ,0.97398 ,0.56214 ,0.60613 ,0.58645 ,0.72451 ,0.73550 ,0.31579 ,0.72246 ,0.60547 ,1.00000 
