1.00000 ,0.87199 ,-2.12694 ,-1.97589 ,-1.00049 ,0.49490 ,-2.37831 ,0.87542 ,0.37049 ,-1.89947 ,-1.64800 ,0.25000 ,-0.27508 ,-1.49008 ,0.87381 ,-2.36360 ,-1.12970 ,-2.26429 ,-2.25000 ,-2.37247 ,-1.74851 ,-0.57205 ,-0.71871 ,-0.25959 ,-1.12923 ,-0.35978 ,-1.85879 ,-0.98994 ,-0.90223 ,-0.37393 ,-0.56222 ,-0.75336 ,-1.00129 ,-1.87972 ,-1.12509 ,0.87831 ,-0.62178 ,-0.44772 ,-0.84903 ,-0.62207 ,-2.11956 ,-2.12969 ,-1.12684 ,1.00000 ,0.50000 ,-0.48930 ,-2.38027 ,-1.59658 ,-1.60702 ,-1.99888 ,-2.12124 ,-1.88740 ,0.22929 ,-1.87806 ,-0.00352 ,0.11594 ,-1.49242 ,-0.48872 ,-1.86871 ,0.24896 ,0.37026 ,-1.29515 ,-0.46496 ,-0.12090 ,-0.26398 ,0.87577 ,-1.98376 ,-1.32480 ,0.12533 ,-0.40211 ,-0.37341 ,-0.36799 ,-1.35350 ,-2.25000 ,-1.74218 ,-1.52272 ,0.48980 ,0.88090 ,1.00000 ,-1.27462 ,-0.25000 ,-2.26661 ,-0.88436 ,-0.24566 ,-0.25331 ,-0.62824 ,-1.24606 ,-0.26811 ,-0.51771 ,-1.62127 ,-1.04357 ,-0.25667 ,0.75613 ,-0.79765 ,-1.49777 ,-1.25685 ,-0.49181 ,-0.87679 ,-0.72899 ,-2.49161 ,
-1.11520 ,1.00000 ,-0.92508 ,-1.84679 ,0.49039 ,-1.50559 ,-1.01921 ,-1.25177 ,-0.49561 ,-1.02197 ,-1.26370 ,-1.24972 ,-0.97424 ,-0.88249 ,-1.00000 ,-0.84520 ,-1.00208 ,-1.63127 ,-0.98514 ,0.02147 ,0.87442 ,-0.50000 ,-0.80164 ,0.49595 ,-0.85795 ,-0.75242 ,0.75704 ,-1.14907 ,-1.99569 ,-1.24979 ,-0.13128 ,-0.13863 ,-0.25654 ,0.74324 ,-1.12622 ,-0.64372 ,-1.49362 ,-0.12421 ,-1.36714 ,-2.75000 ,-1.09463 ,-1.26913 ,-1.50434 ,-0.74841 ,-1.51112 ,-2.50000 ,-0.11396 ,-1.16610 ,-2.37708 ,-0.28309 ,-1.38889 ,-0.98685 ,-1.99307 ,-1.97572 ,-1.52235 ,0.25000 ,-0.90076 ,-1.00308 ,-1.62084 ,-2.38025 ,-1.15529 ,-1.12732 ,-0.37736 ,0.03142 ,0.75000 ,-1.37795 ,0.87225 ,-0.58350 ,-1.87637 ,-0.75507 ,0.00454 ,-0.54128 ,0.01252 ,-2.38097 ,-1.84222 ,-0.74170 ,-0.00734 ,0.12310 ,0.49601 ,-0.36909 ,-1.61646 ,-1.01970 ,-1.48601 ,0.01027 ,-0.14839 ,0.25564 ,-1.49537 ,0.23722 ,-1.20799 ,-1.39204 ,-1.25276 ,0.40565 ,-1.38905 ,-0.35647 ,0.49235 ,-1.74432 ,-0.40245 ,-2.25000 ,-0.51682 ,0.00776 ,
-0.50000 ,-0.89012 ,1.00000 ,-1.24691 ,-1.16651 ,-0.63996 ,0.12474 ,-0.93251 ,-0.63309 ,-1.00535 ,-1.98852 ,-0.02033 ,-0.49257 ,-0.82802 ,0.75990 ,-1.50298 ,0.11338 ,-1.37954 ,-0.87671 ,-1.49035 ,1.00000 ,-2.62561 ,-1.39044 ,0.25000 ,-0.24148 ,-0.63144 ,-1.62775 ,-2.23972 ,0.62206 ,-0.76606 ,-0.86232 ,0.64037 ,0.02027 ,-0.86419 ,0.26084 ,0.38741 ,-0.37005 ,-1.12659 ,-0.47810 ,-0.50100 ,-1.15326 ,-2.01000 ,-0.24126 ,-1.50306 ,-0.24603 ,0.10541 ,-0.35529 ,-0.62238 ,-1.60504 ,-0.89183 ,-0.64993 ,-2.49631 ,-0.01828 ,-1.62850 ,-1.27091 ,-0.25000 ,-0.38661 ,-2.12727 ,-1.37014 ,-0.48429 ,0.87496 ,-0.89017 ,0.00060 ,-0.62774 ,-2.00812 ,-2.02310 ,-1.23240 ,-0.36073 ,-1.74703 ,-1.99406 ,-0.77701 ,0.12518 ,-0.37899 ,-0.75849 ,-1.75780 ,-1.38447 ,-0.66127 ,-2.12371 ,-0.09360 ,-0.74012 ,-1.87780 ,-0.39842 ,0.00022 ,0.75887 ,-0.94924 ,-0.36868 ,-0.48229 ,0.03470 ,-2.25995 ,-0.66149 ,-1.12248 ,-1.52516 ,-1.72836 ,-0.50312 ,-2.22791 ,-0.84739 ,0.00922 ,0.00958 ,-1.65066 ,-1.66974 ,
-1.96896 ,-1.76074 ,-0.25000 ,1.00000 ,-1.10309 ,-0.48326 ,-1.42185 ,-1.75764 ,-0.61959 ,-0.91887 ,-1.50978 ,-1.50000 ,-0.60524 ,-0.76363 ,-0.14700 ,-1.35103 ,0.09531 ,-0.38342 ,-0.24368 ,0.36301 ,-1.53214 ,-0.53197 ,0.10362 ,-0.61086 ,0.63918 ,0.74607 ,-0.10226 ,-1.86251 ,-1.37784 ,-2.24680 ,-1.37870 ,-1.15089 ,-0.24809 ,0.34790 ,0.61223 ,-0.00859 ,-0.69450 ,-0.63727 ,0.00314 ,-0.75942 ,-0.64546 ,-0.01546 ,-1.37504 ,-1.61482 ,-1.75000 ,-1.98020 ,-0.52703 ,-0.50141 ,-1.01466 ,0.62779 ,0.13257 ,0.50333 ,-1.63740 ,0.37682 ,-1.12862 ,-2.12205 ,-2.50558 ,-0.29271 ,-0.12568 ,-2.23936 ,-0.39698 ,-1.88517 ,-0.81290 ,-1.23228 ,-0.36178 ,-0.48542 ,-0.34481 ,-0.73554 ,-1.12597 ,-0.35608 ,-1.86725 ,-0.74928 ,-1.12466 ,-0.88675 ,-0.37864 ,-1.72694 ,-0.65050 ,-0.60593 ,-0.99197 ,-1.00119 ,-1.49219 ,-0.93090 ,-0.97579 ,-0.70819 ,-1.37509 ,-1.25383 ,-1.21697 ,-0.37300 ,0.50009 ,-2.13099 ,-1.38041 ,-0.51183 ,-0.36785 ,0.25637 ,-1.24648 ,-0.99825 ,-0.03730 ,-1.27077 ,-0.03818 ,-0.99980 ,
-1.25372 ,-1.75365 ,0.27086 ,-0.60982 ,1.00000 ,0.00772 ,-0.39970 ,-1.25000 ,-0.25000 ,-1.87395 ,0.00908 ,-0.83725 ,0.25303 ,-2.25000 ,-0.89093 ,-1.37869 ,-0.49860 ,-1.13012 ,0.13567 ,0.24617 ,-1.24574 ,-0.81196 ,0.75000 ,-0.12195 ,-1.26046 ,0.38617 ,-0.89277 ,-1.62935 ,-1.74402 ,-1.05932 ,-2.37851 ,-1.01799 ,-0.59820 ,-0.12693 ,-0.51158 ,-0.61882 ,-0.51740 ,-1.14888 ,-0.99821 ,-0.61379 ,-2.12855 ,-1.37039 ,-2.00757 ,-1.24761 ,-2.03421 ,-1.37016 ,-1.27474 ,-0.64422 ,-1.00000 ,0.01170 ,-0.49972 ,-1.36674 ,-0.24911 ,0.00000 ,-1.14720 ,-1.12256 ,-0.74738 ,-1.64489 ,0.73784 ,-1.75000 ,-1.00872 ,-0.29176 ,-2.10770 ,-0.87349 ,-0.92863 ,-1.62145 ,-1.34673 ,-0.40079 ,-0.24358 ,-0.75000 ,-2.01551 ,0.03097 ,-0.62759 ,-0.86438 ,0.00583 ,-0.64960 ,0.25829 ,0.75000 ,-0.75063 ,-0.03414 ,-2.00000 ,-1.85521 ,-1.35227 ,-2.00844 ,-0.76889 ,-1.13947 ,-0.31051 ,-0.66417 ,-1.34118 ,-1.88757 ,-2.12399 ,-0.76511 ,-0.50000 ,0.00000 ,-1.12488 ,-1.73790 ,0.37421 ,-0.40035 ,-0.86850 ,-2.12907 ,
-1.24380 ,-1.08253 ,-1.12749 ,-0.82197 ,-0.51881 ,1.00000 ,-0.76206 ,0.39307 ,-2.12189 ,-0.97451 ,-1.33646 ,-1.13023 ,-1.76052 ,-0.50474 ,-0.80524 ,0.25858 ,-0.92431 ,-0.89816 ,-1.62796 ,-0.75820 ,-1.24624 ,-0.74700 ,-0.41738 ,-0.76580 ,-0.24891 ,-0.17905 ,-1.24184 ,-0.37777 ,-0.07058 ,-1.62202 ,-1.24018 ,-1.39982 ,-0.97491 ,-0.61301 ,-0.75281 ,0.50312 ,-1.38521 ,-1.74796 ,0.14413 ,-0.65835 ,0.12366 ,-1.50533 ,0.37380 ,0.13034 ,-0.72298 ,-2.25000 ,-0.79970 ,0.50636 ,0.13686 ,-1.49802 ,-1.34203 ,-1.38414 ,-1.37642 ,-2.00000 ,-0.62701 ,0.52014 ,-0.76211 ,0.74811 ,-0.26063 ,0.00798 ,-0.84259 ,-1.88029 ,-0.49549 ,0.61374 ,-1.89111 ,0.21734 ,-1.52085 ,-0.12455 ,0.62532 ,-2.36629 ,0.37857 ,-0.50714 ,-0.47596 ,-0.87476 ,-1.54771 ,-0.60980 ,-1.98060 ,-0.64636 ,0.50171 ,-0.01410 ,-0.86838 ,-0.37565 ,-0.38394 ,-0.49960 ,-0.15509 ,-0.97819 ,0.12591 ,-0.74786 ,-0.75187 ,0.01197 ,-0.60266 ,-0.08213 ,-2.62246 ,-1.49905 ,0.17143 ,-0.23938 ,-0.76227 ,0.60849 ,-0.63918 ,0.25000 ,
-1.11858 ,0.10530 ,-1.12819 ,0.00000 ,-0.61303 ,0.47655 ,1.00000 ,-2.24632 ,-1.74226 ,-0.52104 ,-1.14496 ,-0.73029 ,0.50000 ,-1.36919 ,-1.61589 ,-0.76852 ,0.49639 ,-0.50513 ,0.62243 ,-2.50617 ,-2.36893 ,-1.62289 ,0.88063 ,-1.11609 ,-1.50342 ,-1.74974 ,-1.87706 ,-1.87209 ,-1.47125 ,-0.37934 ,-1.35217 ,-2.02011 ,-0.75822 ,-0.62151 ,-0.86541 ,-0.48825 ,0.50410 ,-0.63090 ,0.87426 ,-1.12755 ,-1.37835 ,-1.61950 ,-1.29278 ,-0.73891 ,-1.50908 ,-1.38276 ,0.12961 ,-1.48877 ,-1.15272 ,-1.87613 ,-2.12382 ,-1.13712 ,-1.88143 ,-0.87451 ,-1.38237 ,-1.53256 ,-0.35905 ,-0.24727 ,-0.78458 ,-1.62779 ,-1.37724 ,0.12603 ,-0.60345 ,-1.74981 ,-1.62930 ,-0.22794 ,-1.42119 ,-1.00331 ,-1.99735 ,0.36426 ,-0.24811 ,-0.61274 ,0.13091 ,0.62192 ,-0.80089 ,-0.64534 ,-1.28623 ,-2.12803 ,-0.65836 ,-0.75162 ,-1.75267 ,-1.20144 ,-0.31741 ,-0.86391 ,-2.00000 ,-1.00896 ,-0.84715 ,-1.24590 ,-0.39257 ,-0.75554 ,-0.49822 ,-0.12622 ,0.11580 ,-1.01013 ,0.63020 ,-0.25289 ,-0.24841 ,-0.15382 ,0.24376 ,-1.87319 ,
-1.24479 ,-1.49753 ,0.37736 ,0.37057 ,-0.60960 ,-0.12372 ,-1.05118 ,1.00000 ,-0.50000 ,-0.54256 ,-1.37878 ,-1.38054 ,-1.74508 ,0.09602 ,-0.00924 ,-1.01258 ,-1.38713 ,-0.49425 ,-2.25000 ,-0.74442 ,-0.67779 ,-1.25305 ,0.00360 ,-0.50180 ,-1.11377 ,-1.03155 ,0.25187 ,-0.87290 ,-1.63253 ,-0.73507 ,-1.24551 ,-0.62687 ,-1.24499 ,-1.25252 ,-0.97647 ,-1.27663 ,-1.75711 ,-1.12359 ,-0.86004 ,-0.24415 ,-1.11895 ,-0.50014 ,0.63036 ,-1.26214 ,-0.62514 ,-0.56772 ,-0.75000 ,0.49041 ,0.23360 ,-2.37270 ,-1.36369 ,-0.60852 ,-0.49944 ,-0.29305 ,0.00171 ,-1.26345 ,0.26149 ,-0.78656 ,-1.37226 ,-2.49657 ,-0.38437 ,0.49795 ,-1.50366 ,-0.24793 ,-1.40730 ,-0.88849 ,-0.86755 ,-1.25913 ,-1.22584 ,-0.63259 ,0.12260 ,-1.10605 ,-1.37088 ,-2.12569 ,-1.87022 ,-1.85861 ,-0.09855 ,-0.66722 ,0.12315 ,-1.98680 ,-1.01055 ,0.62188 ,0.01685 ,0.24300 ,0.00000 ,-0.37961 ,0.16406 ,-1.25000 ,-0.86448 ,-1.99775 ,-0.88055 ,-0.82857 ,-1.25252 ,-0.75318 ,-1.37592 ,-0.24849 ,-1.25000 ,-2.11473 ,0.24307 ,-1.63722 ,
-1.12646 ,-2.25000 ,-0.51391 ,-0.24151 ,-0.60181 ,-1.13581 ,-1.01468 ,-0.83076 ,1.00000 ,-1.58380 ,-0.37648 ,-0.11013 ,0.12769 ,-0.97771 ,-1.37191 ,-0.41337 ,-1.76443 ,0.74038 ,-0.28233 ,-0.79879 ,-0.28790 ,0.25101 ,-0.24678 ,-0.51296 ,-1.99242 ,-1.77818 ,0.00000 ,0.48382 ,-0.49735 ,-0.98321 ,-1.00410 ,-0.51480 ,-0.85336 ,-0.25703 ,-0.75821 ,-1.25000 ,-1.75000 ,-2.14550 ,0.62177 ,-1.87611 ,-1.50528 ,-1.70364 ,-0.51073 ,-0.97383 ,-1.15090 ,-2.12143 ,-1.00585 ,-1.17950 ,-0.62623 ,-1.75000 ,-1.12789 ,-1.61546 ,-1.36841 ,0.23991 ,-1.38362 ,-2.00463 ,-0.73878 ,-0.88268 ,-0.89378 ,-1.75000 ,-1.88677 ,-0.37077 ,-0.00764 ,-0.97951 ,-0.25000 ,-0.36993 ,-1.28763 ,-1.00116 ,-0.25726 ,-0.49304 ,0.49227 ,-2.50000 ,-1.55010 ,-1.49964 ,-1.33490 ,-0.86629 ,-0.35329 ,-0.48445 ,-0.76720 ,-1.48464 ,-0.37535 ,-0.32240 ,-0.50624 ,-1.62161 ,-0.61514 ,-2.00300 ,-1.87385 ,-0.38439 ,0.25088 ,-0.25000 ,-0.39152 ,-1.99493 ,0.03979 ,0.62326 ,-1.18775 ,-1.00000 ,-0.62775 ,-1.86190 ,-1.38514 ,-0.37740 ,
-0.12143 ,-1.74623 ,-0.82716 ,-1.38397 ,-0.87627 ,-0.65791 ,-0.24943 ,0.24694 ,-0.25224 ,1.00000 ,-2.25666 ,-0.75959 ,-0.62179 ,0.25055 ,0.87404 ,-1.00473 ,-0.25659 ,-1.37410 ,-0.88767 ,-0.64278 ,0.01287 ,-1.52289 ,-1.37107 ,-0.55348 ,-0.12426 ,-1.24077 ,-0.51546 ,-1.37056 ,-0.98128 ,-0.27660 ,-1.13640 ,-0.01811 ,1.00000 ,-1.74434 ,-1.12789 ,0.11611 ,-1.38147 ,-1.74365 ,-0.34615 ,-0.23458 ,0.63086 ,-1.15207 ,0.00000 ,-1.26302 ,-0.37141 ,-0.14135 ,-1.47631 ,-1.44792 ,-0.24886 ,-1.40375 ,0.00490 ,-1.25143 ,0.35922 ,-0.92914 ,-2.23843 ,-0.38016 ,-0.75373 ,-1.07181 ,-1.04382 ,-0.75417 ,0.26024 ,-0.46899 ,0.37844 ,-0.00506 ,-0.52024 ,-1.75000 ,-0.62792 ,-0.24282 ,-0.51543 ,-2.50339 ,-0.94834 ,0.00619 ,-1.36300 ,-0.21948 ,-0.49686 ,-1.16660 ,-0.21288 ,-1.16171 ,0.00763 ,-1.87353 ,-0.76908 ,0.11167 ,-0.99760 ,1.00000 ,-1.23102 ,-0.88272 ,-1.37209 ,-0.65285 ,-0.65515 ,0.74613 ,-1.09497 ,-2.13082 ,-2.00000 ,0.01819 ,-1.61251 ,-2.50170 ,-0.72628 ,0.36622 ,-0.62245 ,-0.25000 ,
-1.25119 ,-0.87547 ,0.75328 ,-1.99848 ,0.36009 ,-0.96266 ,-0.11687 ,1.00000 ,-1.36141 ,-2.62227 ,1.00000 ,-2.36942 ,-1.62078 ,-0.96203 ,-1.37896 ,0.62574 ,-1.37179 ,-0.13887 ,-0.99982 ,-0.62926 ,-0.75000 ,-0.75026 ,-0.87526 ,-0.75490 ,-0.48990 ,-0.50552 ,-1.62504 ,-0.58515 ,-1.63076 ,-1.22845 ,-0.21659 ,-0.26935 ,-0.21950 ,-0.47487 ,-0.99991 ,-1.12715 ,-0.48839 ,-1.87450 ,-0.13957 ,-1.37091 ,-0.23318 ,-1.25610 ,-0.37654 ,0.36517 ,-1.62920 ,-0.74885 ,-0.87270 ,0.12056 ,-0.38779 ,-2.50831 ,0.49954 ,-0.74272 ,-2.48835 ,-1.00000 ,-0.75241 ,0.87736 ,-0.49207 ,-0.50000 ,-0.00509 ,-0.77791 ,-1.86638 ,-1.86334 ,-0.32793 ,-0.62673 ,-1.39123 ,-1.23112 ,-0.49087 ,-0.23985 ,-0.25000 ,-0.03787 ,-1.38843 ,-1.74307 ,-1.50389 ,-0.58288 ,0.25187 ,-0.32587 ,-1.75267 ,-0.73533 ,-0.84390 ,0.51187 ,-1.51127 ,0.50955 ,-0.85837 ,-0.68738 ,0.13598 ,-2.37415 ,0.22370 ,-0.82074 ,-0.88322 ,-1.36246 ,-2.38179 ,-1.49403 ,-0.47412 ,-1.37962 ,-0.13110 ,-1.15337 ,0.49748 ,-0.12484 ,-0.74235 ,-0.87790 ,
1.00000 ,-0.77311 ,-1.62637 ,-0.74267 ,-2.11127 ,-0.48908 ,-0.00998 ,-0.51025 ,-2.15593 ,-0.86768 ,-1.61662 ,1.00000 ,0.35731 ,-2.38795 ,-0.38751 ,-0.50000 ,-0.37343 ,-0.83621 ,-0.36694 ,-0.49893 ,-0.39988 ,-1.35222 ,-1.87668 ,-1.75000 ,-0.96128 ,-0.09347 ,-1.25913 ,-0.12880 ,-0.12001 ,-1.20991 ,-0.98978 ,-2.13657 ,-0.80253 ,-1.01324 ,-0.93454 ,-0.98701 ,0.00296 ,-1.35760 ,0.01454 ,-0.12404 ,-0.47660 ,-2.13867 ,-1.37216 ,-0.52621 ,-1.10323 ,-1.00735 ,-1.87236 ,-2.75000 ,-1.10460 ,-0.73228 ,-1.87252 ,0.35710 ,0.12841 ,-0.37627 ,-2.49630 ,-1.25000 ,-1.35132 ,-2.12645 ,-1.40006 ,-0.13773 ,-1.29003 ,-1.14323 ,-1.01499 ,-1.87765 ,-1.37799 ,-0.60833 ,-1.50667 ,0.75000 ,-0.15701 ,-0.50000 ,-1.63009 ,-0.38910 ,-0.02994 ,-0.62138 ,0.24844 ,0.12118 ,-1.86526 ,-1.36376 ,-1.96712 ,-0.99853 ,-0.12373 ,-1.61833 ,-0.82185 ,-1.12726 ,-1.00000 ,-1.37011 ,-2.00000 ,-1.16219 ,-0.63177 ,0.09387 ,0.24356 ,-2.37138 ,0.00762 ,0.26529 ,-0.99803 ,0.38129 ,-0.63021 ,-0.12898 ,-1.50000 ,-0.39002 ,
-1.51071 ,0.50000 ,-2.12144 ,0.26903 ,-2.00160 ,-1.07227 ,-0.58234 ,-1.75167 ,-0.94496 ,0.24988 ,-1.86193 ,-1.11618 ,1.00000 ,-0.63472 ,-1.26783 ,-0.61669 ,0.62418 ,-1.74794 ,0.01045 ,-1.88149 ,-2.37395 ,-0.63071 ,-0.88665 ,-1.98274 ,-0.75810 ,-2.37490 ,-1.36712 ,-1.49513 ,-1.36741 ,0.24721 ,-1.11904 ,-1.37952 ,0.10376 ,-1.41357 ,-1.99396 ,-1.36006 ,-0.50000 ,-0.38617 ,-0.26061 ,-0.61357 ,-2.00511 ,0.38076 ,-1.38447 ,-0.34267 ,-0.25724 ,-0.26068 ,-0.74134 ,-2.25982 ,-0.12191 ,-0.73260 ,-1.25188 ,0.00383 ,-0.98785 ,0.24931 ,-1.74034 ,-0.88473 ,-1.54352 ,-0.54987 ,-0.64901 ,-1.49460 ,0.12764 ,0.27606 ,-0.51060 ,-2.37234 ,-0.25687 ,-1.99679 ,-0.50000 ,-0.63876 ,-2.75000 ,0.38100 ,-1.37164 ,0.37885 ,0.27191 ,-0.13285 ,-0.38255 ,-0.54407 ,-0.66740 ,-1.75823 ,-1.07556 ,-2.12593 ,-0.60579 ,-0.43024 ,-1.25000 ,-0.87644 ,-2.62168 ,-0.24736 ,-1.88174 ,-1.62593 ,0.10505 ,-0.62573 ,-0.85887 ,-0.50000 ,0.87444 ,0.21758 ,-0.13302 ,-0.62824 ,-0.89139 ,-1.14689 ,-1.39054 ,-1.73110 ,
-1.85664 ,-0.61683 ,-0.25000 ,-1.38394 ,0.37307 ,-2.00622 ,0.01492 ,-0.11457 ,-0.87556 ,-0.62360 ,-0.87500 ,-0.73213 ,0.50031 ,1.00000 ,-0.11037 ,-1.14250 ,-0.90334 ,-0.37248 ,-1.51761 ,-0.37825 ,-0.95591 ,-0.35640 ,-1.11759 ,-1.07225 ,0.21710 ,-0.74505 ,0.28444 ,-1.47274 ,-1.77873 ,-1.32856 ,-0.36797 ,-2.00000 ,-2.62404 ,-0.25885 ,0.24050 ,-1.50478 ,-2.38611 ,-0.13193 ,-0.87644 ,-0.98782 ,-0.38198 ,0.12750 ,-0.87280 ,-1.37231 ,-2.11470 ,-1.63528 ,0.23907 ,-1.11218 ,-0.67445 ,-1.62031 ,-1.21148 ,-1.00874 ,-2.62491 ,-0.53399 ,-1.99640 ,-1.62673 ,-1.14680 ,-1.87647 ,-0.76627 ,-1.11665 ,-1.39932 ,-1.38182 ,-1.75000 ,-1.10697 ,-1.50190 ,-1.11907 ,-1.77795 ,0.13363 ,-2.01184 ,0.74956 ,-1.06984 ,-0.26234 ,-0.75371 ,0.35940 ,-1.11513 ,-0.50658 ,-1.50778 ,-0.74524 ,-0.62187 ,-2.25000 ,-1.87695 ,-1.73263 ,0.37646 ,-0.75022 ,-0.98955 ,-0.24304 ,-0.64629 ,-1.25735 ,-1.23921 ,-1.25539 ,-1.00183 ,0.22830 ,-2.00742 ,-1.12766 ,-0.74227 ,-1.48770 ,-0.48153 ,-0.86637 ,-0.98318 ,-0.87451 ,
-0.12694 ,-1.37662 ,0.24034 ,0.38058 ,-0.37272 ,0.62374 ,-2.12436 ,-1.07968 ,-0.75927 ,-1.13627 ,-2.75000 ,-1.87236 ,-1.37723 ,0.12947 ,1.00000 ,-2.62497 ,-2.25423 ,0.26820 ,-0.13317 ,-0.37175 ,-1.12849 ,-1.90267 ,0.12085 ,0.50000 ,-0.37415 ,-0.11545 ,-0.85951 ,-1.49514 ,-0.77669 ,0.25519 ,-1.11917 ,-0.73836 ,-1.12535 ,-1.87673 ,-0.36970 ,-1.62416 ,-0.99397 ,-0.25890 ,-2.50000 ,-1.36946 ,0.37840 ,-0.35457 ,-0.49845 ,-1.87849 ,-0.48240 ,-0.72245 ,0.50000 ,0.21206 ,-0.49262 ,-0.88098 ,-0.99374 ,-1.38401 ,-1.79408 ,-0.93934 ,0.24082 ,-0.56512 ,-0.61249 ,0.13061 ,-2.24691 ,-1.88286 ,-1.62311 ,-0.11718 ,-1.29054 ,-0.13256 ,-0.72338 ,-0.71371 ,0.39089 ,-1.63002 ,-0.69157 ,-0.99090 ,-0.73866 ,-0.74168 ,-0.28114 ,-1.02138 ,-1.00000 ,-1.51264 ,-0.98237 ,-2.37995 ,0.13626 ,-1.63508 ,-1.37476 ,-1.24662 ,-0.48881 ,-0.97118 ,0.87537 ,0.12767 ,-0.37404 ,-1.75395 ,-1.87151 ,-1.36736 ,-2.36878 ,-1.22782 ,-1.85282 ,-2.00000 ,-2.12071 ,-0.69255 ,-0.64137 ,-0.62107 ,-0.47610 ,-0.87205 ,
-1.63266 ,-1.36631 ,-0.81405 ,-1.37339 ,-0.38704 ,-1.10739 ,-0.80777 ,-0.65404 ,-1.37624 ,-0.12727 ,-0.46866 ,-1.22656 ,-1.84205 ,1.00000 ,-0.73559 ,1.00000 ,0.12735 ,-1.12342 ,0.87467 ,0.51090 ,-0.01050 ,-1.13568 ,-1.53666 ,-2.24077 ,-0.48942 ,-1.50215 ,-1.37527 ,-2.14198 ,-2.25313 ,-2.15237 ,-0.45895 ,-1.48710 ,-1.12353 ,0.75514 ,-1.12106 ,-0.98587 ,0.27457 ,1.00000 ,-0.24652 ,-0.14284 ,-0.03784 ,0.00770 ,-2.12464 ,-1.62288 ,-2.25447 ,-0.32868 ,-0.80534 ,-0.38317 ,-0.64365 ,0.23918 ,-0.14173 ,-0.24489 ,-2.39458 ,-0.52738 ,-2.37879 ,-0.26255 ,-0.74394 ,0.38343 ,-0.99616 ,-0.93777 ,-1.00228 ,-2.62158 ,0.13906 ,-1.24209 ,-1.49325 ,-2.25864 ,-0.50099 ,-2.75000 ,-1.75333 ,-0.96531 ,-1.37235 ,-1.42818 ,-1.61900 ,0.35843 ,0.37636 ,-1.49150 ,-0.25051 ,-0.83396 ,-2.25424 ,-0.76259 ,-1.77699 ,0.00356 ,-1.38192 ,-0.37960 ,-2.25546 ,-1.62377 ,-0.45699 ,-0.87878 ,-0.74831 ,-2.23960 ,-0.83099 ,-0.83146 ,-0.77671 ,-0.39809 ,0.39263 ,0.50000 ,-0.66062 ,-1.25072 ,-0.51118 ,-1.30514 ,
-0.76546 ,-1.11414 ,-2.24147 ,0.37018 ,-2.10052 ,0.37712 ,-2.23502 ,-1.08039 ,-2.01594 ,-0.87218 ,-1.37267 ,-1.98761 ,-1.50000 ,-1.64458 ,-0.81733 ,0.12224 ,1.00000 ,-2.00325 ,-1.02087 ,-1.24504 ,-1.00755 ,-2.14434 ,-1.38923 ,-1.82985 ,-0.10953 ,-1.38092 ,-1.76104 ,0.11463 ,0.62249 ,-1.00000 ,-0.99578 ,-0.78372 ,0.87681 ,-2.02848 ,-1.88797 ,0.37753 ,-0.27333 ,-2.75000 ,-0.60637 ,0.62323 ,-0.88277 ,-1.24169 ,0.00938 ,0.36570 ,0.49622 ,-1.68497 ,-2.24232 ,-1.24653 ,0.37462 ,-0.44772 ,-0.73454 ,-0.12509 ,-0.16454 ,-1.60682 ,-0.12593 ,0.14182 ,-1.49021 ,0.13920 ,-1.11812 ,-0.50120 ,0.05016 ,-0.60407 ,-0.25000 ,-0.25110 ,-0.87920 ,-0.24722 ,-0.92438 ,-0.85119 ,0.61829 ,-2.37486 ,-0.50473 ,0.25388 ,-0.50000 ,-1.98105 ,-0.65791 ,-1.49841 ,-0.27855 ,-1.37362 ,-0.44495 ,-0.62577 ,-0.26179 ,0.36340 ,-1.25123 ,-0.86541 ,-0.25265 ,-0.59257 ,0.37579 ,-0.84336 ,-0.25420 ,0.50000 ,0.11868 ,-0.36257 ,-0.54836 ,-1.61750 ,0.74152 ,-0.11138 ,-1.71031 ,0.75000 ,-1.73992 ,0.37266 ,
-2.00000 ,-2.21893 ,-0.99932 ,0.13239 ,-1.63217 ,-0.76571 ,-2.62484 ,-0.13216 ,-0.71771 ,-0.24597 ,0.12342 ,0.37197 ,-0.89201 ,0.37422 ,-0.63761 ,-0.39503 ,-1.99184 ,1.00000 ,0.23644 ,-0.75764 ,-1.62460 ,-1.17276 ,0.26024 ,-1.12508 ,-2.01275 ,-2.49331 ,-0.87661 ,-0.87298 ,-0.32452 ,-1.12091 ,-1.31960 ,-0.49006 ,-2.13122 ,-0.17790 ,-0.61265 ,-0.61562 ,-0.51234 ,-2.12332 ,0.48965 ,-1.23813 ,-0.63855 ,-0.25000 ,-1.09991 ,-0.84263 ,-0.50020 ,-1.21847 ,-1.37095 ,-1.36853 ,-0.50470 ,-0.34397 ,-0.62524 ,-0.77217 ,-1.24727 ,0.50000 ,-1.46609 ,-1.86229 ,-0.21714 ,0.00806 ,-1.26661 ,-0.60453 ,-1.10493 ,0.12695 ,-1.04898 ,-1.73880 ,-1.12989 ,-1.37147 ,-1.25882 ,-1.25000 ,-0.37236 ,-0.25787 ,-0.64548 ,-0.44154 ,-2.12123 ,0.00000 ,-0.11691 ,-2.50000 ,0.49890 ,-0.99290 ,-1.24624 ,-0.97527 ,-0.00306 ,-0.22212 ,-1.00181 ,-1.99022 ,-1.87773 ,-2.01552 ,-1.38388 ,-1.62240 ,-0.23557 ,-1.36551 ,0.75000 ,-2.22702 ,0.75175 ,-0.78410 ,-0.12726 ,-1.11969 ,-0.25160 ,-0.75045 ,-0.37585 ,-1.09690 ,
-1.62566 ,-2.51253 ,0.61972 ,-0.37475 ,-1.49995 ,-1.62744 ,-0.52777 ,-1.51036 ,-1.00000 ,0.13045 ,-0.61596 ,-1.59974 ,-2.48691 ,0.24144 ,-1.38763 ,-0.58865 ,-1.28397 ,-0.24097 ,1.00000 ,-1.01510 ,-1.05900 ,-0.89184 ,0.14843 ,-2.24901 ,-0.85615 ,-1.11285 ,-1.10114 ,-2.37809 ,-1.22256 ,-1.87872 ,-1.85625 ,-0.62473 ,-1.00233 ,-0.73719 ,-0.38166 ,-1.24695 ,-0.38029 ,-0.15291 ,-0.01681 ,-0.15548 ,-0.58408 ,0.62644 ,-1.62353 ,-1.15022 ,-1.75100 ,-0.33573 ,-0.57119 ,0.25000 ,0.61859 ,-0.25135 ,0.50000 ,-1.53801 ,-0.83872 ,0.12629 ,-1.13780 ,-1.49805 ,-1.87165 ,-0.37564 ,-0.02970 ,-0.91395 ,-0.86234 ,-1.50283 ,-0.77842 ,-2.13935 ,-1.26086 ,-1.87638 ,-1.34974 ,-2.36946 ,-0.49861 ,-2.12771 ,-1.12316 ,-1.27632 ,-1.12249 ,1.00000 ,-0.01816 ,-1.50000 ,-0.99629 ,-2.25569 ,-2.37513 ,0.38899 ,-0.74348 ,-1.25577 ,-0.50593 ,-0.85914 ,-1.62066 ,-2.25737 ,-0.37908 ,-1.73084 ,0.14487 ,-1.25383 ,-1.13022 ,-2.75000 ,-1.12373 ,-1.17794 ,-0.61337 ,0.25000 ,-0.37975 ,-0.49163 ,0.12641 ,-0.38188 ,
-0.16131 ,-0.75307 ,-2.01272 ,-1.52439 ,-1.14393 ,-0.77231 ,-0.13932 ,-0.12627 ,-0.11278 ,-1.85703 ,-1.10768 ,0.08694 ,-0.72008 ,-1.98106 ,-0.75986 ,-0.00896 ,0.47631 ,-1.72764 ,-1.12649 ,1.00000 ,-0.57761 ,0.10918 ,-2.25724 ,-1.12447 ,-1.53307 ,-0.37541 ,-1.22489 ,-2.63086 ,-0.73007 ,-1.85400 ,-0.92776 ,-0.25982 ,-0.46223 ,0.63245 ,-1.21686 ,-0.11262 ,-1.64988 ,-0.88125 ,-1.32557 ,-1.07765 ,-1.87486 ,-0.47788 ,-0.84326 ,-0.49403 ,0.24368 ,-0.90800 ,-1.37221 ,-0.24402 ,-2.12033 ,-2.36876 ,-1.44634 ,0.25000 ,-1.02717 ,-1.86843 ,-0.10883 ,0.49041 ,-0.09857 ,-0.43279 ,-0.11491 ,-0.85228 ,0.87934 ,-0.87453 ,-0.97432 ,-2.50000 ,-0.25000 ,-1.37427 ,-0.67560 ,-0.12726 ,-0.50118 ,-1.37021 ,0.62757 ,-1.17601 ,-0.24306 ,-0.74764 ,1.00000 ,-2.01497 ,-1.09749 ,-1.25169 ,-1.84544 ,-0.99498 ,-0.22096 ,0.49099 ,0.48771 ,-0.02463 ,-1.61003 ,-1.76929 ,-2.50000 ,0.37298 ,-0.81713 ,-0.66413 ,-0.74449 ,-1.49074 ,0.88147 ,0.48469 ,0.25283 ,-0.99854 ,-1.49973 ,-1.62083 ,-0.39817 ,-1.64651 ,
0.74886 ,-1.97118 ,-0.87967 ,-0.73016 ,-1.38631 ,0.62532 ,-1.26009 ,-1.52603 ,-2.14197 ,-1.38635 ,-0.50176 ,-2.12930 ,-1.76103 ,-1.14887 ,-2.24029 ,-0.63218 ,-0.94698 ,-0.16143 ,-0.61145 ,-1.00262 ,1.00000 ,-1.15713 ,-0.53672 ,-1.36787 ,-0.87724 ,-0.80101 ,-1.99781 ,0.24861 ,-0.45278 ,-1.39129 ,-1.99390 ,0.13398 ,-0.84536 ,-0.60185 ,-0.63194 ,0.86864 ,-0.59928 ,-1.75689 ,-0.76407 ,-1.02361 ,-0.31200 ,-1.50092 ,0.36889 ,-0.50000 ,-0.96676 ,-1.35854 ,-1.02111 ,-1.23715 ,0.51737 ,-0.39131 ,-0.12812 ,-1.49116 ,-0.51493 ,-1.33363 ,-0.50683 ,-0.62317 ,-0.01691 ,0.14150 ,0.35596 ,-0.76277 ,-2.12778 ,-0.70767 ,-0.50000 ,-0.36103 ,-1.25484 ,-0.01268 ,-0.59109 ,-1.25454 ,0.75836 ,-2.50148 ,-0.96854 ,-1.75186 ,-0.98324 ,-1.10168 ,0.14094 ,-1.12157 ,-0.71919 ,-1.27805 ,-0.22648 ,0.63701 ,-0.87758 ,-0.00334 ,-1.36986 ,-0.87557 ,0.36867 ,-1.37639 ,-0.75000 ,-0.62789 ,-0.97936 ,-0.46792 ,-0.49086 ,-1.75000 ,-0.86691 ,-0.85531 ,0.12975 ,-0.87938 ,-1.48681 ,0.37922 ,-0.89284 ,0.09668 ,
-1.62531 ,-0.00608 ,-0.72466 ,-2.37468 ,0.01708 ,-2.35675 ,0.36719 ,-0.51749 ,-1.35909 ,-0.00198 ,-0.24926 ,-0.14780 ,-0.37176 ,-0.42590 ,-0.76505 ,-0.54109 ,-0.88561 ,-0.60593 ,-1.50151 ,-1.27129 ,-1.39099 ,1.00000 ,-1.12094 ,-0.52668 ,-0.86967 ,-1.57623 ,-0.94223 ,-1.15321 ,-1.06843 ,-1.10497 ,-0.37459 ,-1.60011 ,-1.63992 ,0.11737 ,-1.11825 ,-1.28634 ,-1.38278 ,-0.42383 ,0.36213 ,-1.12635 ,-1.56110 ,-0.99318 ,-1.25937 ,-0.78911 ,-2.25366 ,-1.50523 ,-0.67669 ,-0.36552 ,-1.88008 ,-1.35143 ,-2.25477 ,-1.01589 ,-0.85001 ,-0.14622 ,-1.39268 ,-1.98950 ,-1.50000 ,-1.62376 ,-0.16815 ,0.00000 ,-0.25525 ,-1.64472 ,-0.61902 ,-1.47714 ,-2.10856 ,-1.84439 ,-2.50000 ,0.15463 ,-2.37711 ,0.75000 ,-0.92999 ,-1.26636 ,-1.00022 ,0.87344 ,-1.52756 ,-0.12662 ,-1.87268 ,0.12827 ,-0.49416 ,-0.74912 ,-0.87355 ,-1.86319 ,-0.60578 ,-1.48204 ,-2.75000 ,-1.26879 ,-1.75000 ,-0.67098 ,-0.42030 ,-1.39626 ,-0.37782 ,-1.23556 ,-1.03722 ,-0.29199 ,-1.15218 ,-0.36436 ,0.62697 ,-1.41125 ,-0.83579 ,-0.88783 ,
-1.87313 ,-1.72287 ,-0.36059 ,-0.25000 ,0.02136 ,0.86837 ,-2.23962 ,-0.87655 ,0.12529 ,-0.99915 ,1.00000 ,-1.24535 ,-0.75000 ,-1.13423 ,-0.88984 ,-0.66780 ,-1.08784 ,-0.59185 ,0.25000 ,0.13168 ,-1.62608 ,-1.54017 ,1.00000 ,-0.74648 ,-0.75005 ,-1.14309 ,-1.37983 ,-0.87355 ,-2.27154 ,-1.75895 ,-1.54739 ,-1.75000 ,-0.82113 ,0.24393 ,-1.10440 ,-0.87616 ,-1.00000 ,-2.12710 ,0.22419 ,-1.32990 ,-1.01563 ,-0.36759 ,-2.36798 ,-1.86564 ,-1.76498 ,-2.39014 ,-1.88254 ,-0.67119 ,-0.63685 ,-0.74371 ,-0.25071 ,0.00000 ,-1.74355 ,-0.00619 ,-1.19227 ,-1.75204 ,-0.35109 ,-1.41111 ,-0.84684 ,-1.25785 ,-1.12493 ,-0.51885 ,-0.78334 ,-1.35641 ,-1.49711 ,-0.25600 ,-1.51653 ,-0.11849 ,0.24638 ,0.23555 ,-0.92144 ,-0.65757 ,-0.63696 ,-1.36956 ,-0.23538 ,-2.49207 ,0.38984 ,0.13946 ,-0.35877 ,-1.84894 ,-1.48944 ,-0.37297 ,-0.74398 ,-1.38239 ,-2.13630 ,-0.22729 ,-0.95683 ,-1.99938 ,-0.36066 ,-1.48654 ,-0.81256 ,-1.23634 ,-0.25822 ,0.12027 ,-0.01143 ,-1.87637 ,-0.36437 ,-0.27412 ,-1.28327 ,-1.46148 ,
-0.50283 ,-0.88598 ,-0.58793 ,-0.87197 ,-1.13336 ,0.37161 ,0.05367 ,0.24874 ,-0.62138 ,-0.09168 ,-1.73480 ,0.12909 ,-1.22072 ,-1.30133 ,0.00392 ,-1.00000 ,-0.88255 ,-1.24492 ,-0.73644 ,-1.00000 ,-0.95082 ,-1.12559 ,-0.87025 ,1.00000 ,-1.33328 ,-0.50373 ,-1.37938 ,-1.85860 ,0.01717 ,-0.28467 ,-0.62329 ,0.62397 ,0.75000 ,-1.21174 ,-1.46095 ,-0.75000 ,-0.80806 ,-0.99906 ,0.25397 ,-2.12066 ,-0.50126 ,-1.86543 ,-0.75568 ,-1.36139 ,-0.12248 ,0.37757 ,-1.25000 ,0.49576 ,-1.46470 ,-1.89916 ,-0.95300 ,-2.01444 ,0.75000 ,-2.26336 ,-0.76299 ,-0.38118 ,-0.10820 ,-1.16017 ,-2.14780 ,-0.59845 ,0.37384 ,-0.37857 ,0.12498 ,0.00000 ,-0.75442 ,-1.00836 ,-0.73871 ,-1.36840 ,-0.91973 ,-2.37569 ,1.00000 ,-1.11918 ,-0.86246 ,-0.61475 ,-1.76229 ,-1.75484 ,0.02603 ,-1.64136 ,-0.37079 ,-0.51116 ,-0.26487 ,-0.01724 ,-1.22876 ,0.24664 ,-2.12979 ,-1.87580 ,-1.87269 ,-1.26112 ,-1.29088 ,-0.48334 ,-0.62448 ,-2.36208 ,-1.28111 ,0.11983 ,-2.38220 ,-0.89511 ,-0.01142 ,-1.48703 ,0.25532 ,-0.76311 ,
-0.63789 ,-1.50102 ,0.00727 ,-0.08704 ,-1.02219 ,-0.87119 ,0.13243 ,-0.51780 ,-1.87260 ,-0.64450 ,-1.20231 ,-2.12752 ,-1.48525 ,0.39514 ,-1.24333 ,0.10810 ,-0.26876 ,0.24795 ,-1.32363 ,-0.00526 ,-0.11981 ,0.62911 ,0.11786 ,-0.60463 ,1.00000 ,-0.11572 ,-0.88426 ,-0.23881 ,-1.87571 ,-2.36629 ,-1.37702 ,0.37311 ,-0.48001 ,-0.50000 ,0.24241 ,-0.50326 ,-0.90574 ,-1.41284 ,0.24934 ,-1.87194 ,0.00000 ,-0.74802 ,-0.88488 ,-0.39826 ,-1.62780 ,-1.99131 ,-0.38115 ,-0.75000 ,0.51466 ,-0.53455 ,-0.10989 ,-0.66050 ,-1.90383 ,-0.99597 ,-0.51026 ,-0.89827 ,-1.62681 ,0.22931 ,0.01021 ,-0.66909 ,-1.37401 ,-1.37277 ,0.73745 ,-1.30144 ,-0.00396 ,-1.00122 ,-0.83849 ,-0.30770 ,-1.35685 ,-1.38726 ,-1.14229 ,-1.62423 ,-2.36672 ,0.52224 ,0.24676 ,-1.06653 ,-1.76044 ,-0.36499 ,-0.86029 ,-0.36634 ,-2.00000 ,0.50000 ,-0.57586 ,0.62395 ,-0.88267 ,-1.99572 ,-1.12938 ,0.37458 ,-1.25281 ,-2.62277 ,-1.50974 ,-2.24768 ,-1.12660 ,-1.67617 ,0.35470 ,-1.65102 ,0.48746 ,-1.64121 ,0.34427 ,-0.24851 ,
-1.39417 ,-1.39563 ,-1.37727 ,-1.36648 ,0.75000 ,-1.84303 ,-0.09534 ,-1.37736 ,-1.11141 ,-1.64117 ,-0.00112 ,-0.47730 ,0.62710 ,-2.00000 ,-1.38804 ,-1.61778 ,-0.79071 ,0.11004 ,-0.25208 ,0.25000 ,-0.97695 ,-0.65702 ,-0.45727 ,-1.10354 ,-0.90217 ,1.00000 ,-0.51059 ,-2.12437 ,-1.00607 ,-0.10948 ,-2.38092 ,0.01224 ,-2.00032 ,0.12070 ,0.00000 ,-1.86371 ,0.37681 ,0.36902 ,-1.87560 ,-1.25000 ,-1.38941 ,-2.25045 ,-1.37724 ,-1.38258 ,-1.62189 ,-0.23907 ,-1.35237 ,-1.88775 ,-1.75462 ,0.12174 ,-0.62468 ,-2.24763 ,-0.49702 ,-0.98992 ,-2.50000 ,-0.88487 ,-1.21211 ,-0.75032 ,0.62298 ,-1.00840 ,-1.39366 ,-0.25435 ,-1.60619 ,-2.00367 ,0.36883 ,-1.02350 ,0.23654 ,-1.97690 ,-0.99801 ,-0.74583 ,-1.62897 ,-1.87441 ,-2.12671 ,0.26121 ,-0.01014 ,0.49624 ,0.25000 ,-0.08939 ,-2.11337 ,0.37235 ,-1.88474 ,-2.13246 ,-2.12720 ,-1.89551 ,-0.94146 ,-2.75000 ,-1.74612 ,0.75419 ,-2.49537 ,-0.11910 ,-1.86944 ,-0.52452 ,-0.26883 ,-1.34030 ,-0.26814 ,-1.25257 ,0.37158 ,-0.26032 ,-0.58322 ,-1.87719 ,
-1.62255 ,0.52510 ,-0.74574 ,-1.65575 ,-0.46233 ,-1.73210 ,-2.11901 ,-1.73908 ,-0.12581 ,0.25000 ,-1.13536 ,-0.31219 ,-1.50148 ,-1.50171 ,-0.63811 ,-2.12257 ,-1.54304 ,-1.62446 ,1.00000 ,-1.48263 ,-0.50639 ,-1.50521 ,-0.22997 ,-0.63742 ,-2.25790 ,-1.25637 ,1.00000 ,-2.75000 ,-0.94605 ,-1.29872 ,-0.12367 ,-0.57333 ,-0.24083 ,-0.01004 ,-1.25000 ,-0.86812 ,-0.51798 ,0.62182 ,-2.11412 ,-1.47197 ,-2.14068 ,-0.36377 ,-1.76306 ,-0.95942 ,-1.16672 ,-1.40883 ,-0.74291 ,-0.63948 ,-2.75000 ,0.49380 ,-1.28123 ,-1.40542 ,-0.51380 ,-1.37171 ,-1.62758 ,-0.81601 ,-1.63380 ,-1.13346 ,-1.11290 ,-2.12117 ,-0.12296 ,-0.74685 ,-1.36659 ,-1.26574 ,-0.01701 ,-1.77293 ,0.86884 ,-2.13508 ,-1.49921 ,-1.01776 ,-0.45001 ,0.36667 ,0.73663 ,-2.37577 ,-2.62751 ,-1.64070 ,0.29102 ,-1.22256 ,-0.49773 ,-0.09641 ,-0.85204 ,-2.25000 ,-1.86176 ,-0.98694 ,-0.35994 ,0.50000 ,-1.22685 ,-1.35126 ,0.75102 ,-0.58390 ,-0.36875 ,0.36817 ,-0.87541 ,-0.37419 ,-0.96385 ,-0.39430 ,-0.77162 ,-1.63124 ,-0.27869 ,-0.57574 ,
-0.98994 ,-0.87357 ,-0.89462 ,-0.54132 ,-0.01814 ,-0.99327 ,-1.15343 ,-0.84321 ,-1.34686 ,-0.62211 ,0.12346 ,-0.69295 ,0.24600 ,-1.46969 ,-0.82764 ,-1.18926 ,-0.86428 ,-0.24692 ,-0.82465 ,-1.17624 ,-1.77024 ,-1.89451 ,-1.75430 ,-0.28350 ,-0.90193 ,-1.61659 ,-0.66992 ,1.00000 ,0.37366 ,-0.61845 ,0.50414 ,-1.25000 ,-1.49319 ,-1.67805 ,-0.89149 ,-0.88164 ,-1.37763 ,-2.48970 ,-2.62520 ,-0.38600 ,-0.84486 ,-1.39506 ,0.63378 ,-1.00175 ,-0.97613 ,-0.50891 ,-1.10133 ,-1.87201 ,-1.37118 ,-0.52636 ,-1.38758 ,-0.11647 ,-0.75212 ,-1.68116 ,-0.47866 ,-1.56931 ,-0.00809 ,-1.50064 ,-0.15367 ,-0.24959 ,-0.36468 ,0.74859 ,-2.01086 ,-1.35809 ,-1.74031 ,-0.83916 ,-0.54701 ,0.74376 ,-1.60470 ,-0.12464 ,-1.11405 ,0.38733 ,-0.14171 ,-0.71666 ,-1.73821 ,0.50244 ,-1.46558 ,-0.90549 ,-0.96304 ,-1.78748 ,-0.75118 ,-0.24368 ,-0.62680 ,-2.24072 ,-0.25526 ,0.13866 ,-0.24160 ,-1.73021 ,-1.96765 ,0.12135 ,0.50000 ,0.25813 ,-1.17519 ,-2.12704 ,-1.52452 ,-1.76563 ,-1.50242 ,-0.12376 ,-1.24573 ,-0.48684 ,
-2.49464 ,-0.87228 ,-1.49366 ,0.62521 ,-1.72938 ,-0.41130 ,-1.85957 ,0.63015 ,-2.25000 ,-0.49081 ,-1.74903 ,-0.39196 ,-1.00000 ,0.37546 ,0.50000 ,-0.24898 ,-0.22113 ,-0.61786 ,-1.21921 ,-1.50000 ,-2.14179 ,-1.51081 ,-0.64539 ,-1.38048 ,-1.08712 ,-1.83733 ,-1.25387 ,-0.48499 ,1.00000 ,-1.37813 ,-1.52763 ,-1.13509 ,-0.77159 ,-1.62757 ,-0.87075 ,0.50114 ,-0.66176 ,-2.25000 ,0.62255 ,0.38656 ,-0.64105 ,-0.12231 ,0.37568 ,0.62338 ,0.62488 ,-1.16413 ,-1.87466 ,-0.25031 ,0.27181 ,-0.52163 ,-1.77276 ,-0.75453 ,-1.13794 ,-0.86430 ,-0.75000 ,-0.09556 ,-1.76846 ,0.63720 ,-0.50820 ,0.00412 ,-0.11945 ,-0.51174 ,-1.75267 ,-0.43141 ,-1.38272 ,-1.57379 ,-1.76094 ,-0.38084 ,0.00988 ,-1.84132 ,-0.87411 ,0.87672 ,-0.95074 ,-0.62994 ,-0.98513 ,-1.98357 ,-0.51005 ,-1.49240 ,-0.70997 ,-0.01641 ,0.12065 ,-0.86434 ,-0.24547 ,-1.71406 ,-1.61917 ,-1.45562 ,0.12634 ,-1.37315 ,-0.37136 ,-0.60484 ,0.73775 ,-0.35423 ,-0.88955 ,-1.75354 ,-0.08946 ,0.15335 ,-0.65273 ,-0.25486 ,-1.16190 ,-0.86552 ,
-0.75984 ,-1.12559 ,-0.22697 ,-1.62618 ,-0.10432 ,-1.62637 ,-0.24985 ,-1.12733 ,0.00665 ,-0.86305 ,-1.41125 ,0.00516 ,0.50000 ,-1.56732 ,-0.87528 ,-1.88139 ,-1.00000 ,0.01104 ,-1.00457 ,0.74741 ,-1.01646 ,-0.16255 ,0.62146 ,0.14468 ,-0.11309 ,0.62808 ,0.21708 ,-1.86722 ,-1.37454 ,1.00000 ,-0.97689 ,-0.75207 ,-1.12695 ,-0.00645 ,0.13830 ,-1.61884 ,-0.25588 ,-0.75000 ,-0.61637 ,-1.37301 ,-0.79416 ,-1.22997 ,-2.01315 ,-1.65253 ,-1.49628 ,-1.60267 ,-0.24968 ,-1.22010 ,-1.62896 ,-0.35999 ,-0.76956 ,-2.12880 ,-0.10682 ,-1.68145 ,-2.12625 ,-1.86907 ,-1.52719 ,-1.87189 ,-1.20207 ,-0.47797 ,-0.02099 ,-0.66674 ,-2.25000 ,-0.21107 ,-0.90670 ,-2.25426 ,-0.87435 ,-0.86990 ,-1.39262 ,-0.37856 ,-0.48417 ,-1.75337 ,-2.50000 ,0.00416 ,-0.62785 ,0.50883 ,-0.20024 ,0.63707 ,-0.53422 ,-0.65731 ,-2.25452 ,-1.62552 ,-1.21087 ,-0.85619 ,-0.26989 ,-0.65624 ,-1.63544 ,-0.92014 ,-2.26151 ,-1.50000 ,-1.88397 ,-0.36375 ,-0.49860 ,-1.66629 ,-1.25137 ,-2.12219 ,0.26801 ,-1.25000 ,0.24818 ,-1.63849 ,
-0.99176 ,0.27442 ,0.12554 ,-1.21800 ,0.12646 ,-1.08245 ,-1.11885 ,-0.39013 ,-1.88195 ,-1.35516 ,-0.24549 ,-1.71057 ,-1.87931 ,-0.97780 ,-1.12220 ,-0.40421 ,-1.25242 ,-0.14194 ,-0.50441 ,-2.25984 ,-1.53056 ,-2.49510 ,-0.62442 ,-1.41312 ,-0.37489 ,-1.99493 ,-1.00000 ,-0.44568 ,-0.62055 ,0.24670 ,1.00000 ,-1.73310 ,-0.86557 ,-1.89302 ,-0.38408 ,-1.87895 ,0.49198 ,-2.12677 ,-0.75414 ,-0.32084 ,0.50000 ,-1.62262 ,-1.31294 ,-0.99649 ,-2.12551 ,-1.36762 ,-0.74714 ,-0.00435 ,-0.29540 ,-0.83955 ,-0.63133 ,-1.12090 ,-0.84164 ,-0.86961 ,-1.38911 ,-0.30822 ,-1.65143 ,-0.37154 ,-1.04344 ,-1.87331 ,-2.62295 ,-1.09078 ,-0.74126 ,0.13555 ,-1.50288 ,-1.86290 ,0.49860 ,-1.49967 ,-0.85211 ,-0.01719 ,-2.25000 ,-1.23682 ,-0.99623 ,-0.85806 ,-1.43072 ,-0.31845 ,-1.86955 ,-2.24186 ,-1.22772 ,-0.99637 ,-1.38726 ,-0.95664 ,-2.37310 ,-1.61376 ,-0.12310 ,-0.83329 ,0.12155 ,-2.36818 ,-0.91368 ,-1.35607 ,-1.62545 ,-1.50027 ,-0.76277 ,-1.00494 ,-1.24379 ,-0.49962 ,-0.49022 ,0.00000 ,-1.99937 ,-0.48873 ,
-2.36401 ,-1.11366 ,-1.02467 ,-1.00785 ,1.00000 ,-1.76317 ,-1.63205 ,-0.62687 ,-1.14662 ,-1.12745 ,-0.50586 ,-2.50129 ,-1.07922 ,-1.06995 ,-0.86949 ,-1.62420 ,-0.25748 ,0.61895 ,-1.60854 ,0.12501 ,-2.25780 ,-1.61995 ,-0.89952 ,-1.39566 ,0.49236 ,0.15331 ,-0.87876 ,-2.00982 ,-0.97852 ,-0.13347 ,-2.37826 ,1.00000 ,-2.36377 ,-0.36330 ,0.12116 ,-2.37523 ,-0.85681 ,0.50994 ,-1.77973 ,-1.36363 ,-0.75000 ,-1.40573 ,-0.21690 ,-1.61912 ,-1.02213 ,-0.24358 ,-1.07550 ,-0.35349 ,-0.92487 ,-1.24366 ,-0.25106 ,-1.98334 ,-1.12219 ,-1.37358 ,-0.90633 ,-0.62959 ,-1.12521 ,0.11953 ,-0.46640 ,-1.35187 ,-1.49784 ,-0.39493 ,-1.10652 ,-1.41035 ,-0.48840 ,0.28334 ,0.25804 ,-2.62681 ,-0.38289 ,-1.25000 ,-1.01486 ,-2.75000 ,-2.49273 ,-0.48739 ,-0.68803 ,-0.99763 ,0.50000 ,-1.00000 ,-0.81636 ,-0.87206 ,-1.87291 ,-0.49664 ,-0.87628 ,-0.87439 ,-1.63670 ,-1.26219 ,-0.97278 ,-0.61339 ,-1.76276 ,-0.82275 ,-1.99455 ,0.00042 ,-0.36301 ,-2.13574 ,-0.21272 ,-1.62546 ,-0.59148 ,-0.67476 ,-0.88343 ,-2.00000 ,
-1.15865 ,-1.00000 ,-0.45627 ,-1.27558 ,-1.65649 ,0.73811 ,-0.62445 ,0.62136 ,-1.12590 ,-0.23742 ,-1.59949 ,-1.16355 ,0.37588 ,-1.13282 ,-0.64271 ,-1.50543 ,0.36490 ,-0.86280 ,0.14083 ,-0.37114 ,-0.26352 ,-0.88554 ,-1.50000 ,-0.34763 ,-0.50037 ,-1.04656 ,-0.50985 ,-2.00000 ,-0.99268 ,-1.87643 ,0.00219 ,0.48608 ,1.00000 ,-1.38312 ,0.00000 ,-1.67773 ,-0.61801 ,-0.51115 ,-1.21690 ,-2.00754 ,0.74237 ,-0.86385 ,-0.26277 ,-0.58075 ,-0.25000 ,-0.02084 ,-1.37518 ,-1.37688 ,0.00000 ,-2.62244 ,-1.11187 ,-2.25758 ,0.48368 ,-1.86765 ,-2.37481 ,-0.87436 ,-0.53944 ,-1.48973 ,-2.01348 ,-0.85799 ,-1.14740 ,0.00023 ,0.11057 ,-0.74644 ,-1.25000 ,-1.61949 ,-0.24299 ,-1.62601 ,-0.37995 ,-2.50148 ,-0.49674 ,0.62715 ,-1.77162 ,0.75563 ,-0.09766 ,-2.25000 ,0.25646 ,-1.52652 ,-0.89810 ,-0.97224 ,-1.87096 ,0.36240 ,-1.11851 ,-0.00675 ,-0.60221 ,-1.11006 ,-0.98543 ,-1.24052 ,-1.50232 ,0.62850 ,-0.12843 ,-1.99542 ,-1.11099 ,-0.28104 ,-1.73823 ,-1.23977 ,-1.25142 ,0.36847 ,-0.88855 ,-1.13952 ,
-0.89817 ,-2.00000 ,0.48547 ,-1.33709 ,-0.50886 ,-0.57762 ,0.36264 ,-1.02371 ,-1.63219 ,-0.88739 ,-0.72618 ,-1.87147 ,-2.50000 ,0.09684 ,-2.25000 ,0.40314 ,-1.27342 ,-0.24591 ,-0.09305 ,0.51050 ,0.60991 ,-0.62090 ,-0.11311 ,-1.34304 ,-0.50000 ,0.11202 ,-0.62638 ,-1.74106 ,-1.62458 ,-1.62790 ,-2.12702 ,-0.37688 ,-1.47338 ,1.00000 ,0.25505 ,-1.00815 ,-0.63114 ,-0.16279 ,0.25098 ,-1.63009 ,0.49547 ,-1.23812 ,-1.15065 ,-1.14823 ,-2.37779 ,-2.00434 ,0.87705 ,0.75619 ,-0.02195 ,-1.01725 ,0.12013 ,-1.41045 ,-1.60773 ,-0.49195 ,-1.50819 ,-0.63791 ,-0.37681 ,0.26033 ,-0.01978 ,-1.41765 ,-2.12401 ,-2.62277 ,-0.25000 ,-0.57850 ,-1.50494 ,-0.50729 ,-0.61771 ,-1.55908 ,-0.10688 ,-2.12092 ,-0.38459 ,-2.37684 ,-1.12776 ,-0.03332 ,0.25485 ,-0.83894 ,-1.73436 ,-1.10701 ,-0.57243 ,0.87212 ,-1.51244 ,-0.49315 ,-0.87122 ,-0.12604 ,-0.65307 ,-2.00854 ,-0.87779 ,-0.37542 ,-0.75047 ,-1.38168 ,-1.99514 ,-1.75347 ,-2.37020 ,-0.40339 ,0.15338 ,-0.40099 ,0.00000 ,-0.40045 ,0.14342 ,0.25000 ,
-0.49454 ,-1.60941 ,-2.11634 ,-0.74950 ,-1.37350 ,-0.62421 ,-0.61269 ,-0.11622 ,-2.24261 ,-2.00317 ,-0.78225 ,-0.71813 ,-0.75000 ,-1.87997 ,-0.22028 ,-1.51990 ,-0.03006 ,0.61823 ,-0.86728 ,0.14636 ,-1.48565 ,-1.64152 ,-1.88480 ,-1.74081 ,0.37831 ,-0.37829 ,-0.77877 ,-0.74350 ,-1.22761 ,-0.98698 ,-0.77945 ,-0.99889 ,-1.11462 ,-1.12519 ,1.00000 ,-1.99442 ,-0.50401 ,-0.43779 ,-0.58260 ,-1.00413 ,-0.62662 ,-0.65433 ,0.11651 ,-0.75078 ,0.23882 ,-0.13147 ,-2.75000 ,-1.74973 ,0.21973 ,-1.36707 ,-2.25979 ,-1.70180 ,0.74431 ,-1.26331 ,-2.12518 ,-1.74040 ,-1.48724 ,-0.81356 ,-2.50000 ,0.35429 ,-2.00100 ,0.62610 ,-0.99742 ,-2.37510 ,-1.63068 ,-1.62610 ,-0.87741 ,-1.09068 ,0.12339 ,-0.72350 ,-1.84110 ,-0.50650 ,-1.75000 ,-0.12358 ,-0.37466 ,-0.14864 ,-0.42433 ,-1.05963 ,-1.98638 ,-0.13762 ,-0.86619 ,0.48642 ,-0.79102 ,-1.74038 ,-0.88657 ,-0.74736 ,-1.15119 ,-2.37643 ,-1.87754 ,-0.25000 ,0.75000 ,-2.38674 ,0.75000 ,-0.90499 ,-1.62088 ,0.48655 ,-1.62469 ,-0.12364 ,-1.86731 ,-1.39168 ,
0.40111 ,-0.11177 ,-2.25000 ,-2.50468 ,-2.24173 ,0.12761 ,-1.59678 ,-0.09622 ,0.51476 ,-2.37236 ,-2.15412 ,0.62712 ,-1.87996 ,-0.40065 ,0.02867 ,-2.36855 ,-0.53194 ,-1.27118 ,-1.23409 ,-1.76905 ,-0.62134 ,-1.06235 ,-1.08346 ,-0.00142 ,-1.12548 ,0.63536 ,-0.90731 ,-1.65048 ,-1.24160 ,0.25401 ,-1.50784 ,-0.12124 ,-0.37927 ,-2.00667 ,-1.50643 ,1.00000 ,-0.52229 ,0.87877 ,-0.61319 ,-0.35927 ,-0.53651 ,-1.62723 ,-1.52663 ,-0.10457 ,-0.56808 ,-0.13076 ,-1.42427 ,-0.75000 ,-1.37460 ,-1.05954 ,-2.00241 ,-1.51672 ,-0.99392 ,-1.00998 ,-0.85939 ,-0.64217 ,-2.01692 ,0.00000 ,-1.01528 ,-0.36658 ,-0.13159 ,-1.27924 ,-0.47283 ,-0.13078 ,-0.37605 ,0.37288 ,-0.95625 ,-1.52213 ,-0.51186 ,-1.38138 ,-1.35242 ,-0.75124 ,-1.87347 ,-1.62199 ,-0.31620 ,-1.88044 ,0.61827 ,0.87867 ,0.12271 ,-1.27586 ,0.00524 ,-2.15350 ,-0.90319 ,-0.47675 ,-0.42575 ,-1.87268 ,-1.24809 ,0.00647 ,-0.12574 ,-1.24370 ,-0.88262 ,-1.89534 ,0.11065 ,0.75208 ,-1.83043 ,-0.51408 ,0.36711 ,-0.87837 ,-1.46417 ,-1.17861 ,
-1.21524 ,0.61820 ,-0.49280 ,0.39811 ,0.28381 ,-1.36031 ,-2.11753 ,-0.14394 ,-2.25818 ,-0.37865 ,-0.54803 ,-1.38892 ,-1.61667 ,-1.23158 ,0.34955 ,-0.88548 ,-1.48665 ,-0.99181 ,-1.12182 ,-2.48975 ,-2.00421 ,-1.37451 ,-0.50000 ,-1.00680 ,0.87749 ,-1.87507 ,-1.50971 ,0.73815 ,-1.26340 ,-0.99284 ,0.61621 ,-2.25000 ,-2.25000 ,-1.24264 ,0.24606 ,-1.87150 ,1.00000 ,-1.76327 ,-0.65126 ,-0.62916 ,-0.12980 ,-0.83149 ,-2.36976 ,-0.13502 ,-1.27883 ,-2.00000 ,-1.48998 ,-1.50924 ,0.37227 ,-0.06738 ,-1.14959 ,-2.61974 ,0.50000 ,-1.23415 ,0.24653 ,-0.50653 ,-0.78261 ,-1.35816 ,-2.13172 ,-1.86284 ,-2.12930 ,-1.12021 ,0.87507 ,-1.09946 ,-0.23478 ,-1.87641 ,-0.14353 ,-1.62188 ,-0.11158 ,0.36040 ,-1.27480 ,-0.72392 ,0.37635 ,0.15979 ,-1.65551 ,0.50000 ,-1.49965 ,-1.12500 ,-1.33696 ,-1.11811 ,-1.87403 ,-1.08006 ,-2.12703 ,-0.50844 ,-0.73088 ,0.51762 ,-1.19940 ,-0.86904 ,-2.62078 ,-2.24363 ,-1.36531 ,-0.87125 ,-2.25000 ,-1.37384 ,-0.87658 ,0.51264 ,-0.61112 ,-1.73944 ,-1.37408 ,-0.42101 ,
-0.71717 ,-1.05381 ,-0.68135 ,-1.86046 ,-1.87193 ,-0.75277 ,-2.36089 ,-0.40174 ,-0.12637 ,-1.12607 ,-1.51840 ,-1.14319 ,-0.50161 ,-0.15854 ,-0.12894 ,-2.48968 ,-1.99534 ,-1.00624 ,-1.47210 ,-2.75000 ,-0.47695 ,-0.38796 ,0.63563 ,-0.87169 ,-1.00000 ,0.37316 ,-1.10222 ,-0.80815 ,-2.23259 ,0.12945 ,-2.25127 ,-0.12736 ,-0.12708 ,-1.87879 ,-1.52451 ,-0.00516 ,-0.38861 ,1.00000 ,0.37296 ,-1.74632 ,-0.99915 ,-0.75550 ,-0.70151 ,0.02935 ,-0.65060 ,0.25758 ,-1.47910 ,-1.49715 ,-0.61955 ,-1.00394 ,-0.35050 ,-2.12140 ,-1.50150 ,-0.33948 ,-1.51266 ,-1.18267 ,-1.63139 ,-1.23582 ,-1.74546 ,-0.12299 ,-1.34907 ,-2.24142 ,-0.89082 ,0.50807 ,-0.37530 ,0.62196 ,-2.75000 ,-2.25067 ,-0.39723 ,-0.88761 ,-1.77045 ,-1.37312 ,-2.50000 ,-2.00040 ,-2.13104 ,-1.35028 ,0.74357 ,0.74951 ,0.87324 ,0.40326 ,-0.37686 ,-2.62480 ,-1.75000 ,-0.97380 ,-0.52961 ,-1.11981 ,-0.47866 ,-0.55449 ,0.37318 ,-1.34805 ,-1.77160 ,0.01664 ,-1.02070 ,-0.87501 ,-1.74759 ,-0.51956 ,0.00000 ,-0.50989 ,-0.25000 ,-1.49986 ,
-2.62354 ,-1.00000 ,-1.10925 ,-0.37147 ,-1.87114 ,-2.23784 ,-0.42403 ,0.74674 ,-1.46011 ,-1.16818 ,0.26615 ,1.00000 ,-0.87787 ,-0.77462 ,-0.82286 ,-0.32686 ,-0.46682 ,-1.13475 ,-1.74263 ,-0.74386 ,-0.74705 ,-1.64153 ,-1.37204 ,-1.87598 ,-1.87256 ,-1.36096 ,-0.20887 ,-1.36942 ,-0.69411 ,-1.87925 ,-1.61408 ,0.12965 ,-1.50477 ,-1.00077 ,-0.12170 ,0.36010 ,-0.45124 ,-1.60166 ,1.00000 ,-0.88191 ,-1.62808 ,-0.62231 ,0.22509 ,0.25000 ,0.50063 ,-0.62403 ,-1.87281 ,-1.21716 ,-0.62991 ,-0.53559 ,0.40860 ,-0.86222 ,-0.75327 ,-0.87218 ,-1.37322 ,-0.60026 ,-1.23483 ,-0.68813 ,-0.37037 ,-0.23648 ,-0.37472 ,-0.81037 ,-2.00203 ,-1.12549 ,-0.51826 ,-0.60743 ,-1.38398 ,-0.64036 ,0.12755 ,-2.11228 ,-1.52175 ,-0.77778 ,-2.62734 ,-1.37235 ,0.25380 ,-1.72511 ,0.74951 ,-0.48921 ,-2.03318 ,-0.14655 ,-0.02759 ,-0.96069 ,-0.25543 ,-0.69711 ,-2.62379 ,-1.86835 ,-0.76305 ,-0.49313 ,-0.49769 ,-1.48824 ,0.75502 ,-0.37952 ,-0.13508 ,-0.22878 ,-0.75724 ,-1.39922 ,-0.99667 ,-1.10642 ,-0.38246 ,-2.10636 ,
-0.50042 ,-2.01710 ,-2.50396 ,-2.48809 ,-1.48731 ,-1.39888 ,-0.63832 ,-0.85463 ,-0.10671 ,-0.74200 ,-1.37848 ,-0.78617 ,-1.99851 ,0.36491 ,-0.33379 ,-1.63085 ,-0.41844 ,-0.11809 ,-1.13128 ,-0.12549 ,0.12234 ,-1.49630 ,-1.60590 ,-0.84950 ,-0.85157 ,-0.87713 ,0.50931 ,-1.11392 ,-0.99310 ,0.50159 ,-2.01037 ,-0.75000 ,0.16818 ,-2.75000 ,-2.37308 ,0.61954 ,-1.38050 ,-1.18258 ,-1.00000 ,1.00000 ,0.37455 ,-0.89022 ,0.00000 ,-0.99371 ,-0.86083 ,-0.63088 ,-1.38056 ,-1.49609 ,-0.86765 ,-0.00785 ,-1.23687 ,0.01124 ,-0.61308 ,0.15346 ,-2.12515 ,-0.61573 ,-1.65389 ,0.12362 ,0.62317 ,-0.00376 ,-0.24567 ,-0.35151 ,-0.74528 ,0.12561 ,-0.38418 ,-1.14375 ,-0.12182 ,0.12639 ,-0.60892 ,-2.00967 ,-2.62749 ,-0.12245 ,-1.87583 ,-1.25960 ,0.24178 ,-0.50368 ,-0.35487 ,0.37763 ,0.00833 ,-2.38674 ,0.27214 ,-0.73873 ,-0.89220 ,-0.00686 ,-0.01279 ,-1.37992 ,-0.76606 ,-0.63168 ,0.25664 ,0.24766 ,-0.84035 ,-2.13006 ,-1.36959 ,0.14748 ,-1.59547 ,-2.11943 ,-0.65126 ,0.25489 ,-1.62708 ,-0.37014 ,
-0.49005 ,0.13158 ,-0.92232 ,-1.99027 ,-0.62454 ,-1.49315 ,-1.24270 ,-0.76650 ,-0.49862 ,-2.37265 ,-1.09592 ,-1.86967 ,-0.09766 ,-1.86366 ,-1.49434 ,0.87844 ,-0.38377 ,-0.17139 ,-1.39999 ,-1.08400 ,0.12930 ,-1.48177 ,-1.88272 ,-0.65655 ,-1.12639 ,-1.25645 ,-0.39886 ,-0.23514 ,-1.49033 ,1.00000 ,0.00201 ,-1.50000 ,-0.00356 ,-0.44301 ,-1.37895 ,-1.37595 ,-0.74273 ,-0.62522 ,-0.87790 ,-1.62515 ,1.00000 ,-1.16381 ,-1.14546 ,-0.87257 ,-2.24353 ,-1.39080 ,0.03656 ,-0.96891 ,-2.23137 ,-1.99074 ,-1.60674 ,0.11938 ,-2.25747 ,-1.62103 ,-2.62486 ,0.75964 ,0.50474 ,-0.86215 ,-0.77080 ,-2.24949 ,-2.37922 ,-1.99331 ,-0.86281 ,0.12602 ,-0.56764 ,-1.35817 ,0.25000 ,-0.49626 ,-1.59099 ,0.50751 ,-1.35955 ,-1.62713 ,-0.99049 ,-1.63971 ,-1.27068 ,-0.74586 ,-2.23611 ,-0.85021 ,-0.36064 ,-0.48471 ,-0.99398 ,1.00000 ,-2.75000 ,-1.48900 ,0.37473 ,-1.62643 ,-1.20988 ,-0.97426 ,-0.54679 ,0.00000 ,-2.00338 ,-0.72643 ,-0.24688 ,0.12465 ,0.38154 ,-1.74707 ,-1.11689 ,-1.53126 ,-2.24778 ,-1.01398 ,
-2.62927 ,-1.25434 ,-0.13351 ,-0.50000 ,-1.03289 ,-2.62349 ,-1.02731 ,-1.32137 ,-2.09499 ,-0.75000 ,-0.28763 ,-1.87660 ,-1.09448 ,-0.35617 ,-1.19296 ,-0.24719 ,-0.87287 ,-0.50149 ,-0.98515 ,-0.83336 ,-0.37384 ,0.00000 ,-0.12363 ,-1.74790 ,-0.01117 ,-0.48605 ,-0.97147 ,-0.93632 ,-1.86759 ,-1.37558 ,-1.22905 ,-1.32336 ,-1.32108 ,-0.12370 ,-0.62506 ,-2.11835 ,-0.11056 ,-0.62105 ,0.49952 ,-1.49928 ,-0.63318 ,1.00000 ,-2.12043 ,-1.17834 ,-0.70804 ,-1.86167 ,-0.97970 ,-0.60730 ,0.75395 ,-0.97658 ,0.37571 ,-1.12392 ,-0.99386 ,-1.05752 ,-0.93680 ,-0.27521 ,-0.30262 ,-1.74333 ,-0.61699 ,-2.12599 ,-2.75000 ,-1.50045 ,-0.00074 ,-1.75720 ,0.11077 ,-2.75000 ,-0.99603 ,-2.25506 ,-0.61751 ,-1.05777 ,-1.27585 ,-2.12394 ,-0.52802 ,0.37030 ,-0.71937 ,-0.12163 ,-1.38018 ,-1.99704 ,-2.37983 ,0.00501 ,-1.24002 ,0.36595 ,-2.23345 ,-0.02148 ,-2.15690 ,-1.52026 ,-1.49216 ,-0.00805 ,-1.10059 ,-1.86578 ,-2.12151 ,-1.10096 ,-2.62459 ,-0.14871 ,0.13185 ,0.49724 ,-1.11872 ,-1.48805 ,-0.24963 ,-0.82654 ,
-1.36022 ,-1.63788 ,-0.75234 ,0.12727 ,-0.78199 ,0.13455 ,-0.83108 ,0.12717 ,-1.01329 ,-2.24197 ,-1.50101 ,-1.37216 ,-0.68644 ,-0.28820 ,0.00000 ,-0.37996 ,-0.49241 ,-0.01219 ,-2.00000 ,-0.37332 ,-2.25000 ,-1.50000 ,-0.49856 ,-1.36289 ,-0.14110 ,-0.25793 ,-1.16002 ,-0.47450 ,-0.21732 ,0.60860 ,-1.87788 ,-0.72392 ,-1.60396 ,-1.87876 ,0.34002 ,-1.87948 ,-0.87951 ,-1.55008 ,-1.11639 ,-0.50311 ,0.14393 ,-0.76001 ,1.00000 ,-2.62983 ,0.27880 ,0.62549 ,-0.98784 ,-0.36298 ,0.49328 ,-2.37679 ,-0.99179 ,-0.68579 ,-1.24559 ,-0.75668 ,-0.64575 ,-1.45634 ,1.00000 ,-0.51910 ,-1.75000 ,-0.68414 ,-1.12054 ,0.25192 ,-1.37730 ,-1.25536 ,-1.26162 ,0.25758 ,-1.15896 ,-1.36404 ,-0.49004 ,-0.29887 ,-1.53325 ,-2.25000 ,-2.37918 ,-0.20920 ,-0.86747 ,-0.76361 ,-0.54418 ,-1.50000 ,-1.20216 ,-1.62591 ,-0.74975 ,0.50276 ,0.47888 ,-1.52689 ,-1.39098 ,-1.51645 ,-0.37708 ,-1.26154 ,-1.76630 ,-0.41992 ,-0.63898 ,-0.24386 ,-0.85844 ,-0.87072 ,-1.62557 ,-0.74664 ,-1.76317 ,-0.98247 ,-1.37259 ,-2.50000 ,
1.00000 ,0.87535 ,-2.12350 ,-1.97035 ,-0.97440 ,0.50149 ,-2.36787 ,0.87871 ,0.35402 ,-1.87593 ,-1.61874 ,0.25000 ,-0.25485 ,-1.48861 ,0.87052 ,-2.36085 ,-1.12634 ,-2.25132 ,-2.25000 ,-2.36265 ,-1.75544 ,-0.60163 ,-0.74579 ,-0.26249 ,-1.13016 ,-0.39546 ,-1.84205 ,-1.00175 ,-0.85218 ,-0.37737 ,-0.52259 ,-0.77319 ,-1.01433 ,-1.88067 ,-1.12848 ,0.87542 ,-0.63909 ,-0.44049 ,-0.87843 ,-0.60579 ,-2.12287 ,-2.14564 ,-1.09088 ,1.00000 ,0.50000 ,-0.49593 ,-2.37696 ,-1.61932 ,-1.62382 ,-1.97916 ,-2.13852 ,-1.87727 ,0.24955 ,-1.88141 ,0.00862 ,0.10592 ,-1.46626 ,-0.50202 ,-1.86612 ,0.24965 ,0.38576 ,-1.25623 ,-0.48487 ,-0.13120 ,-0.28827 ,0.87916 ,-1.96370 ,-1.28514 ,0.12191 ,-0.37271 ,-0.36352 ,-0.36379 ,-1.32330 ,-2.25000 ,-1.74742 ,-1.50253 ,0.47635 ,0.87758 ,1.00000 ,-1.30136 ,-0.25000 ,-2.25347 ,-0.86113 ,-0.26497 ,-0.26094 ,-0.59882 ,-1.23248 ,-0.30122 ,-0.54454 ,-1.59821 ,-0.99786 ,-0.23671 ,0.76282 ,-0.84729 ,-1.50893 ,-1.29089 ,-0.50561 ,-0.87358 ,-0.74221 ,-2.49818 ,
-0.37501 ,-1.00418 ,-1.97682 ,0.25000 ,-0.44661 ,0.75387 ,0.12891 ,0.13629 ,-0.38859 ,-1.98367 ,-1.87684 ,-0.37885 ,-1.10283 ,-1.37463 ,0.25087 ,0.21565 ,0.25313 ,-1.01547 ,-2.00000 ,0.00000 ,-1.75941 ,-0.44720 ,-1.86962 ,-0.96507 ,-0.25082 ,-1.52163 ,-1.51303 ,-0.61248 ,0.75550 ,-0.48609 ,-0.61050 ,-2.25380 ,-1.00000 ,-1.36939 ,-0.50286 ,-0.34247 ,-0.54610 ,-2.11590 ,-0.99930 ,-0.13239 ,-1.12900 ,-1.85741 ,-0.38839 ,-1.23819 ,1.00000 ,-0.52894 ,-1.88881 ,-0.86301 ,-1.14150 ,-1.86936 ,-1.50000 ,-0.13205 ,-0.50935 ,-0.77620 ,-0.96331 ,-1.38056 ,-0.46989 ,-0.99262 ,-0.61621 ,-0.76341 ,-0.62733 ,0.53000 ,-1.12796 ,-1.62024 ,-0.71656 ,-0.38355 ,-1.15457 ,0.15431 ,-0.23098 ,-0.69766 ,-1.14450 ,-0.59449 ,-1.37225 ,1.00000 ,0.11858 ,-1.29828 ,-1.62944 ,-1.37309 ,-2.13516 ,-1.99298 ,-0.67871 ,0.24851 ,0.50840 ,-1.54969 ,-1.85852 ,-2.37569 ,-1.50000 ,-1.11953 ,-1.73788 ,-0.74670 ,-1.01199 ,-1.50941 ,-0.12701 ,-0.36978 ,-1.21818 ,-0.12401 ,-2.62891 ,-1.03858 ,-2.26330 ,-2.24950 ,
0.13278 ,-0.87927 ,-0.90295 ,-1.75036 ,-1.37016 ,-2.37272 ,0.00000 ,-1.38225 ,-0.38339 ,-0.51210 ,-1.09926 ,0.47479 ,-0.61312 ,-0.36825 ,-2.27641 ,-0.99792 ,-2.38428 ,0.50561 ,-0.50118 ,-1.12028 ,0.13826 ,0.37993 ,-1.35965 ,-0.99210 ,-1.90510 ,-0.70952 ,-0.25747 ,-1.00984 ,-0.67546 ,-0.03453 ,0.00067 ,0.12383 ,-2.49919 ,-0.19617 ,-0.14693 ,-1.75452 ,-0.62457 ,0.75001 ,-1.63241 ,-1.99938 ,-0.49926 ,-1.00000 ,-1.12107 ,-1.64570 ,-0.59916 ,1.00000 ,0.37590 ,-1.96881 ,-1.40292 ,-0.59850 ,-0.59502 ,-1.75000 ,-0.62848 ,-0.42482 ,-1.74539 ,-1.53512 ,0.15367 ,-0.99069 ,-1.14560 ,-1.39850 ,-1.91407 ,-0.38056 ,-0.74976 ,-1.75796 ,0.25061 ,-1.49795 ,0.75000 ,-2.50000 ,-2.62787 ,-0.39049 ,-0.86098 ,-2.37596 ,-1.97858 ,0.23340 ,-0.85855 ,0.24766 ,-1.11054 ,-1.37274 ,-2.37562 ,-0.37970 ,-0.41515 ,-1.24739 ,-1.25000 ,-1.13962 ,0.36488 ,-1.99063 ,-2.50000 ,0.25029 ,-1.75000 ,-0.77037 ,-1.04953 ,-1.88219 ,-0.37368 ,-0.33078 ,-1.49754 ,-0.93306 ,-1.48513 ,-2.50000 ,0.00072 ,-0.78044 ,
-1.25450 ,-1.47495 ,-1.40332 ,-0.27951 ,-1.05260 ,-0.92908 ,-0.87030 ,-0.49825 ,-0.29543 ,-1.37343 ,-2.25000 ,-0.66603 ,-1.50000 ,0.03653 ,-0.34941 ,-1.36260 ,-2.25212 ,0.38853 ,-2.00730 ,-0.11322 ,-1.25109 ,-0.77640 ,-1.40675 ,-0.37835 ,-0.88705 ,-0.26525 ,0.50124 ,-1.50100 ,-0.94513 ,-0.12153 ,-0.36235 ,-0.24906 ,-2.26748 ,-1.61997 ,-1.15749 ,-1.12501 ,-0.73650 ,1.00000 ,-1.87215 ,-1.98661 ,0.50959 ,-0.25198 ,0.11137 ,-0.48971 ,0.60690 ,-0.12284 ,1.00000 ,-1.10252 ,-0.37222 ,-1.37269 ,-0.10690 ,-1.37354 ,-1.12249 ,-1.61335 ,-1.29772 ,0.11756 ,-0.37490 ,0.03994 ,-2.38175 ,-0.87049 ,-2.11460 ,-0.12857 ,-1.61143 ,-0.51795 ,0.25000 ,-0.66918 ,0.37583 ,-1.75443 ,-0.82554 ,-1.98716 ,0.61766 ,-1.88169 ,-2.00441 ,-0.85494 ,-2.01865 ,-0.89417 ,-0.74877 ,-2.12401 ,-1.44553 ,-1.23972 ,0.00039 ,-0.25000 ,-1.14408 ,0.00195 ,0.37915 ,-0.85581 ,-1.38475 ,-0.69098 ,-1.85080 ,-0.61012 ,-1.25463 ,-0.99827 ,-1.85580 ,-1.74096 ,-1.34751 ,-0.91760 ,-2.63108 ,-1.63134 ,0.87779 ,-0.25564 ,
0.62769 ,-0.85761 ,-0.26036 ,-1.74617 ,-0.78114 ,-0.56725 ,0.13786 ,-0.79440 ,-2.25382 ,-1.35749 ,-1.12827 ,-1.77332 ,-2.01104 ,-0.87702 ,-1.33008 ,-1.52263 ,-1.07689 ,-0.90720 ,-1.76043 ,-1.44654 ,-0.12382 ,-0.75004 ,-0.92993 ,-0.12642 ,-0.50237 ,0.86847 ,-1.24305 ,-1.12543 ,-0.87032 ,-0.99646 ,-1.61911 ,-0.37973 ,-0.71908 ,-0.46167 ,0.11010 ,-0.26645 ,-0.60837 ,-0.23502 ,-1.38654 ,-0.89495 ,-0.52409 ,-1.97839 ,0.50000 ,0.00453 ,-1.19798 ,-0.72434 ,0.08091 ,1.00000 ,-0.99994 ,-1.01734 ,-0.85648 ,-1.75186 ,-0.11797 ,-2.25442 ,-0.00146 ,0.12910 ,-0.90598 ,-0.47776 ,0.63096 ,-0.25000 ,-1.48864 ,-1.87225 ,-1.35844 ,0.61369 ,-2.23957 ,-0.16438 ,-1.38050 ,-0.37697 ,-0.14103 ,-2.12625 ,-1.05670 ,-0.53597 ,0.06000 ,-0.87574 ,-1.01982 ,0.24031 ,-2.36762 ,-0.78848 ,0.37279 ,0.61832 ,-1.62355 ,-1.39505 ,-0.50032 ,-0.37690 ,-0.02727 ,-0.86685 ,0.25949 ,-0.37933 ,-1.24839 ,-1.39299 ,-1.99808 ,-0.36375 ,-2.62038 ,-1.86038 ,-1.53887 ,-0.88058 ,0.00000 ,0.47226 ,-0.24229 ,-0.40854 ,
0.63287 ,-2.10908 ,-0.47687 ,-0.50000 ,-2.12842 ,0.12673 ,0.49320 ,-0.73930 ,0.62740 ,-0.25610 ,-1.85430 ,0.03550 ,-1.26671 ,0.26942 ,0.12869 ,-0.22761 ,-0.85978 ,-2.13119 ,-1.87265 ,-1.39603 ,-1.73369 ,0.38130 ,0.75000 ,-0.12177 ,-0.10874 ,-0.65415 ,0.37196 ,0.63119 ,-0.30426 ,-1.75000 ,-0.38338 ,-0.65676 ,-0.00069 ,-0.77941 ,-0.49129 ,0.50000 ,-1.75824 ,-0.73163 ,-1.10339 ,0.24079 ,-1.75000 ,-1.22602 ,-1.11295 ,-1.14761 ,0.50391 ,-1.99751 ,0.50038 ,-1.24173 ,1.00000 ,-0.88899 ,-1.75017 ,-1.39402 ,-0.35256 ,0.24241 ,0.12312 ,-1.50976 ,-1.22525 ,-1.74177 ,-2.15379 ,-1.00177 ,-0.37567 ,-0.50814 ,-0.55138 ,-1.00541 ,-0.17855 ,-1.28822 ,-1.50736 ,0.63333 ,-1.62993 ,-0.62304 ,-0.36812 ,-0.12138 ,0.86902 ,-0.27316 ,-2.00000 ,-0.53430 ,-1.24771 ,-0.24564 ,0.50000 ,-1.12537 ,-1.50214 ,-1.23096 ,0.36769 ,-0.12317 ,-0.52209 ,0.13573 ,-0.94764 ,-1.64678 ,-0.34176 ,-2.49929 ,0.37517 ,-0.11877 ,-1.85537 ,-1.27761 ,-2.24397 ,-1.36038 ,-2.36867 ,-2.25000 ,0.23714 ,1.00000 ,
-1.25106 ,0.12645 ,-1.88353 ,-1.12171 ,-1.65187 ,-1.51097 ,-2.50000 ,-2.35976 ,-1.10623 ,-0.70980 ,-1.55412 ,-0.76307 ,-0.25000 ,-1.87634 ,-1.62737 ,-2.00421 ,-0.12543 ,-0.63733 ,0.49980 ,-1.37286 ,-1.59919 ,-2.00055 ,-1.50156 ,-2.00585 ,-0.81519 ,-1.23065 ,-1.10946 ,-1.87692 ,0.75368 ,0.87833 ,-0.75295 ,-1.47542 ,-0.87748 ,-0.92218 ,-0.65317 ,-1.00000 ,0.12513 ,0.01676 ,-1.61401 ,-1.48473 ,-0.14217 ,-0.61502 ,-1.86110 ,-2.62251 ,-0.99951 ,0.12015 ,-1.75000 ,-1.99014 ,-1.74766 ,1.00000 ,-0.91116 ,-1.23565 ,-0.99144 ,-1.35253 ,-1.76665 ,-0.99955 ,-1.37945 ,-0.39357 ,-0.74177 ,-0.87281 ,-1.58044 ,-1.23159 ,-0.76706 ,-1.00000 ,0.12310 ,-1.11476 ,-0.12540 ,-1.77797 ,-0.51346 ,-1.69698 ,-1.61437 ,-0.99531 ,-0.77057 ,-0.79683 ,-1.35718 ,-1.26430 ,-0.12643 ,-2.62643 ,-1.25804 ,-0.74273 ,-0.57393 ,-2.37751 ,-1.88182 ,-2.50000 ,-1.25325 ,-0.13904 ,-2.26110 ,-1.41389 ,-0.62289 ,-0.25165 ,-0.32283 ,0.25000 ,0.00000 ,-0.46558 ,-1.23415 ,-0.88642 ,-1.53012 ,-1.23898 ,-1.61254 ,-1.24983 ,
-1.65275 ,-1.00000 ,-0.49316 ,-1.62892 ,-0.44219 ,-0.99208 ,0.88163 ,0.74422 ,-0.62713 ,-2.35640 ,0.87403 ,-0.42394 ,-0.88220 ,-0.87953 ,-1.90510 ,0.88176 ,-0.45127 ,-1.65626 ,-2.38662 ,0.20879 ,-0.62802 ,-0.12089 ,-1.38858 ,-0.48174 ,-0.74675 ,-0.38160 ,-0.53230 ,-0.50742 ,-2.12361 ,-2.35978 ,-1.11847 ,0.11861 ,-0.98392 ,-0.24739 ,-0.75241 ,-0.35606 ,-1.86838 ,-1.35850 ,0.76329 ,-1.12264 ,-1.13047 ,-1.25080 ,-0.50000 ,0.49125 ,-0.61211 ,-0.99745 ,-1.01441 ,-1.19401 ,-0.49636 ,-2.24489 ,1.00000 ,-0.73461 ,-1.75696 ,-1.75117 ,-0.99795 ,0.74021 ,-0.50107 ,-1.25636 ,-0.37028 ,0.48864 ,-0.86926 ,-1.88207 ,-0.47386 ,-0.87615 ,-0.76960 ,0.50595 ,-1.87188 ,0.37559 ,0.00020 ,-1.87247 ,-0.49664 ,-1.37945 ,-2.38274 ,-0.85625 ,-0.02765 ,-0.12105 ,-0.46137 ,0.61705 ,-1.50605 ,-0.38816 ,-1.73778 ,0.23400 ,-0.11837 ,0.75000 ,-1.41749 ,-2.10419 ,-0.05162 ,0.37599 ,-1.09567 ,-1.11460 ,-0.88672 ,-0.84530 ,-1.09931 ,-0.73138 ,0.25000 ,-2.49640 ,-0.84783 ,-1.03522 ,-0.62259 ,-1.27576 ,
-1.51869 ,-0.94364 ,-1.63375 ,-2.13749 ,-0.36570 ,-1.90181 ,-1.85569 ,-0.37882 ,-0.68715 ,-0.73983 ,-0.60926 ,-2.15355 ,-1.72879 ,-0.87330 ,-1.12515 ,-0.36398 ,-1.62644 ,-1.26383 ,-0.28285 ,-0.87558 ,0.11777 ,-0.63285 ,-1.74014 ,-2.23908 ,-1.36982 ,-2.25000 ,-0.75594 ,-1.33801 ,-2.12108 ,-0.00390 ,-1.12143 ,-0.98590 ,0.00537 ,-2.11871 ,-2.50000 ,-1.13612 ,-0.86835 ,-2.49466 ,-0.59544 ,-1.18235 ,0.22803 ,0.12600 ,0.08518 ,0.12903 ,-0.74207 ,0.48437 ,-2.62509 ,-1.26076 ,-1.25313 ,-0.74676 ,0.25193 ,1.00000 ,-0.97250 ,-0.95951 ,-1.73934 ,-0.39459 ,-1.06745 ,0.37267 ,0.02463 ,-0.01412 ,-1.24968 ,-1.12627 ,-0.84830 ,0.62486 ,-0.59497 ,-1.35386 ,-0.25000 ,-1.00429 ,0.87440 ,-1.40196 ,-1.61750 ,-1.14075 ,-2.50667 ,-2.23895 ,-0.02617 ,-1.61530 ,-1.25000 ,-0.45174 ,-0.77843 ,-1.46976 ,0.26970 ,-0.36867 ,-1.37697 ,-0.36499 ,-0.62385 ,-0.75075 ,-0.62084 ,-0.35426 ,0.00444 ,0.37474 ,-1.87580 ,-2.49799 ,-1.38116 ,0.25595 ,-0.77357 ,-0.64726 ,-0.21997 ,0.74406 ,-2.00033 ,-1.37285 ,
0.36435 ,-2.11519 ,-0.86312 ,0.25340 ,-1.37623 ,-0.50099 ,0.10828 ,0.62242 ,-1.26597 ,0.01327 ,-2.12035 ,0.24652 ,-0.99866 ,-1.33688 ,0.50311 ,-0.36819 ,-0.87387 ,-0.51044 ,-2.26962 ,-0.63509 ,-0.64387 ,-1.20265 ,-0.97347 ,-1.10794 ,-0.50875 ,-0.27907 ,-0.37189 ,-0.12763 ,-1.39204 ,-1.35517 ,-1.57325 ,-1.36147 ,-1.35792 ,-1.62507 ,-0.83269 ,-1.59826 ,-1.13710 ,-1.12681 ,0.22541 ,0.52561 ,-1.47947 ,-1.75208 ,0.09909 ,-0.13095 ,-0.38621 ,-1.50903 ,-1.25441 ,-1.10481 ,0.00000 ,-2.01924 ,-2.37967 ,0.12408 ,1.00000 ,0.25300 ,-1.36569 ,-1.86798 ,-0.75000 ,-2.00000 ,-1.87142 ,-1.76550 ,-1.01924 ,0.25000 ,-2.37468 ,-1.22186 ,-1.89435 ,-0.63637 ,-1.25098 ,0.11309 ,-0.55184 ,-0.02032 ,-0.65839 ,-1.10725 ,-0.74439 ,-1.38048 ,-0.52267 ,-0.93963 ,-1.62764 ,-0.62902 ,-0.74846 ,-1.88225 ,-0.23339 ,-0.12425 ,0.00644 ,-0.04004 ,-0.86904 ,-0.87169 ,-1.25750 ,-2.00429 ,-0.59626 ,-0.99789 ,-0.00432 ,-2.37234 ,-0.63507 ,0.12580 ,-1.23863 ,0.49876 ,-1.50935 ,-0.89636 ,-0.58671 ,-0.62496 ,
-1.45487 ,-1.99828 ,0.12559 ,0.74693 ,-1.34052 ,-0.49796 ,-0.99183 ,-2.25000 ,0.11173 ,-1.87153 ,-1.43577 ,-2.14467 ,0.10623 ,-1.61955 ,-0.82467 ,-2.24068 ,-1.60831 ,-0.87479 ,-1.27907 ,-0.01219 ,-1.37605 ,-0.99461 ,0.25198 ,-0.25833 ,-0.76200 ,0.87081 ,-0.34412 ,-1.35642 ,-0.49607 ,-0.69757 ,-1.75303 ,-1.02693 ,-0.75000 ,-0.81914 ,0.61569 ,-0.94025 ,-2.25000 ,-1.49597 ,-0.12461 ,-0.75035 ,-1.50801 ,-0.38828 ,-0.86928 ,-1.08320 ,-0.40371 ,-1.74449 ,-0.12828 ,-0.25000 ,-0.47944 ,-1.00045 ,-0.42834 ,-0.14438 ,-0.83737 ,1.00000 ,0.11856 ,-2.25000 ,-1.59669 ,-1.74593 ,-0.50000 ,-2.50034 ,-0.27911 ,-0.85552 ,-2.50000 ,0.12066 ,-0.73142 ,0.37497 ,-1.75000 ,0.12910 ,0.25508 ,-1.26694 ,-1.13116 ,-0.48652 ,0.37370 ,-1.35790 ,-0.86848 ,-0.61839 ,-0.80227 ,-1.36688 ,-0.12585 ,-0.63767 ,-0.07751 ,-2.25000 ,-0.24131 ,-1.98620 ,-0.46344 ,-1.26184 ,-1.15085 ,-0.61464 ,0.37230 ,-0.74000 ,-2.13696 ,-0.82695 ,-0.97655 ,0.47827 ,-1.77043 ,-1.90776 ,-0.49445 ,-0.90128 ,-1.37152 ,-0.57933 ,
-0.21413 ,0.50000 ,-2.00549 ,-1.13539 ,-1.62809 ,-0.25425 ,-2.50000 ,0.00812 ,-1.10756 ,-0.49362 ,-0.48132 ,-0.88302 ,-0.88175 ,-1.04220 ,0.00412 ,-1.54294 ,-0.85730 ,-1.49693 ,-2.15367 ,-2.38145 ,-1.73763 ,-1.98385 ,-1.89125 ,-0.75550 ,-0.88262 ,-1.87324 ,-1.98746 ,0.50914 ,-0.13339 ,-1.16679 ,0.50000 ,-1.12071 ,-0.64434 ,-2.00993 ,-1.62874 ,-0.11153 ,-1.87522 ,-2.00631 ,-1.51196 ,-0.61835 ,-1.27054 ,-0.94804 ,0.39293 ,0.14513 ,0.28453 ,-0.89112 ,-1.99790 ,-0.88524 ,-1.74882 ,-2.12173 ,-1.62933 ,-0.13568 ,-0.89768 ,-2.14588 ,1.00000 ,-0.75000 ,-0.72449 ,-1.12768 ,-1.84056 ,0.50964 ,0.13415 ,-0.82263 ,-0.38859 ,-0.36813 ,-2.22275 ,0.62471 ,-1.75000 ,0.36744 ,-0.37797 ,-0.35510 ,-0.37848 ,0.01677 ,-0.25734 ,-2.75000 ,-1.87495 ,-1.36924 ,-1.38320 ,-1.13595 ,0.24394 ,-2.75000 ,-0.24175 ,-0.25866 ,-0.13813 ,-0.29192 ,-1.08085 ,0.87676 ,-0.12976 ,-1.71342 ,-0.16605 ,-0.48811 ,0.00031 ,0.24734 ,-0.34595 ,-1.99944 ,-1.64044 ,-1.25010 ,-1.88461 ,-0.12689 ,-1.87824 ,-1.15772 ,
-1.62331 ,-0.60503 ,-0.83299 ,-1.62985 ,-0.50542 ,-2.37490 ,-1.14327 ,-0.16791 ,-0.62136 ,-0.79031 ,-0.12387 ,-0.38847 ,-1.52258 ,-1.48851 ,-1.87806 ,-1.09570 ,-0.64267 ,-1.63054 ,-1.01069 ,-0.87144 ,0.25893 ,-0.25000 ,-1.22272 ,-0.96855 ,-1.12446 ,-0.76272 ,0.37046 ,-1.87665 ,-2.36871 ,-2.24792 ,-1.13505 ,0.12992 ,-0.38318 ,0.12719 ,-1.61801 ,-0.62174 ,-1.98154 ,0.38380 ,-0.24415 ,-1.74382 ,-1.65300 ,-0.51226 ,-1.39921 ,0.87681 ,-1.67280 ,-1.28765 ,-1.33944 ,-1.23261 ,-1.88026 ,-0.39119 ,0.13478 ,-1.50951 ,-1.35991 ,-2.00000 ,-0.98398 ,1.00000 ,-1.54556 ,-1.26794 ,-0.37070 ,-1.00327 ,-0.38176 ,-2.27234 ,-0.72699 ,-0.76810 ,0.62316 ,-0.92513 ,-0.33859 ,-0.12045 ,-0.13697 ,-2.50913 ,-0.09877 ,-0.39025 ,-0.67431 ,-2.62903 ,-0.98134 ,-1.62784 ,0.61259 ,0.23351 ,-0.60098 ,0.13048 ,-1.48002 ,-1.62860 ,-0.91899 ,0.63434 ,-0.62975 ,-0.24008 ,-0.87769 ,-0.36908 ,-0.01583 ,-1.81018 ,-0.64060 ,0.12381 ,-0.85639 ,-0.00114 ,0.62237 ,-1.72547 ,-0.72782 ,-2.50000 ,0.00348 ,-0.24130 ,
-1.23271 ,-2.50997 ,-1.75854 ,-0.62812 ,-0.74428 ,-0.14488 ,-1.75120 ,-0.86706 ,-0.45485 ,-1.37432 ,0.25000 ,0.00359 ,-1.39780 ,-1.13789 ,-1.25081 ,0.75000 ,-1.22654 ,-1.10910 ,0.49261 ,-0.95434 ,-0.74535 ,-1.02652 ,-0.96828 ,-1.62583 ,-2.00704 ,-2.49643 ,-0.90586 ,0.00000 ,-0.47424 ,-2.01383 ,-1.26469 ,-0.87594 ,-1.22412 ,-0.76971 ,-1.62399 ,-0.99148 ,-0.88009 ,-2.10708 ,-1.29744 ,-0.98462 ,-1.39598 ,-1.61188 ,-0.74684 ,-0.55025 ,-0.88743 ,-1.22883 ,-1.49550 ,-1.87108 ,-0.61855 ,-0.98978 ,-0.12103 ,0.15051 ,-1.25653 ,0.74288 ,-0.56056 ,-0.62839 ,1.00000 ,0.50626 ,-1.09446 ,-2.14425 ,-1.74677 ,-0.75000 ,1.00000 ,-2.37040 ,0.36761 ,-0.23408 ,-0.12098 ,-1.75000 ,-0.50000 ,-0.74974 ,-0.51516 ,-0.81175 ,-1.15882 ,-1.11832 ,0.00000 ,-2.00000 ,-0.23726 ,-1.14805 ,-1.98919 ,-1.34799 ,0.36877 ,0.51963 ,-1.49660 ,-1.87676 ,-0.73475 ,-1.87687 ,-0.62209 ,-0.12155 ,0.13134 ,-0.49834 ,0.38032 ,-2.25000 ,0.38379 ,0.61803 ,-0.00046 ,-0.35970 ,-1.62234 ,-0.75694 ,-0.75940 ,0.11932 ,
-0.75454 ,-1.09429 ,-2.35450 ,-1.25000 ,-2.00990 ,-1.51259 ,-0.99439 ,-0.36209 ,-1.85551 ,-1.73797 ,-0.88895 ,-0.63151 ,-1.13397 ,-0.18645 ,-1.00000 ,-1.62296 ,-0.95282 ,0.87879 ,-1.74808 ,-1.00418 ,-1.37023 ,-0.23297 ,-2.36623 ,-2.10684 ,-0.51498 ,-1.25000 ,0.51126 ,-0.63023 ,-0.59148 ,-0.63401 ,0.61078 ,-0.62664 ,-1.36656 ,-1.25000 ,-0.37046 ,-1.37711 ,-0.24654 ,0.75000 ,-1.50000 ,-1.36966 ,0.12608 ,-0.47503 ,0.62549 ,-0.25000 ,0.74194 ,0.25000 ,-0.81511 ,-1.87414 ,0.23930 ,-1.50000 ,-1.24489 ,-1.74328 ,0.24192 ,-1.74528 ,-2.13796 ,-1.12610 ,-1.27396 ,1.00000 ,-2.75000 ,0.10494 ,-1.62318 ,0.11930 ,0.13192 ,-1.74877 ,-0.73186 ,-2.11903 ,-0.00855 ,-2.37227 ,-1.11631 ,-1.26226 ,-1.05005 ,-1.30450 ,-1.74445 ,0.11533 ,-1.41408 ,-0.12811 ,-0.51692 ,-0.57225 ,-2.62105 ,0.36058 ,-0.48143 ,0.36240 ,-2.09881 ,-1.11468 ,0.00818 ,-0.95378 ,-1.03799 ,-0.76229 ,-1.62680 ,0.24501 ,0.74941 ,-1.77375 ,-0.41474 ,-1.64186 ,-0.96798 ,1.00000 ,-2.13593 ,-1.14555 ,-0.92935 ,-0.49257 ,
-1.37995 ,-1.62794 ,-0.10593 ,-0.12568 ,-0.96794 ,-0.58510 ,-0.76093 ,-1.62715 ,-1.74418 ,-0.27178 ,-0.88165 ,-1.62537 ,-0.49019 ,-1.65789 ,-1.26165 ,-0.74472 ,0.76239 ,-1.02025 ,0.10155 ,-0.50000 ,-0.88541 ,-0.67177 ,0.48494 ,-0.74093 ,0.00994 ,0.13366 ,-1.22244 ,-1.49213 ,-1.75618 ,-2.12605 ,-1.75790 ,-0.02074 ,0.87525 ,-0.50000 ,-0.00901 ,-1.12917 ,-0.79482 ,-1.53476 ,-0.37318 ,-1.62887 ,-1.78479 ,-0.12864 ,-2.00117 ,-1.50000 ,-1.63669 ,-2.11965 ,-1.67425 ,0.12454 ,-1.13126 ,0.00139 ,-0.50353 ,0.11157 ,-1.50000 ,-0.50000 ,-0.00394 ,-2.26087 ,-1.87756 ,-1.19953 ,1.00000 ,-1.12197 ,-0.76748 ,-1.50727 ,-0.39876 ,-1.11290 ,-0.99028 ,-0.86089 ,-0.97486 ,-0.35634 ,-0.99834 ,-0.97582 ,-2.24407 ,-0.37548 ,-1.24659 ,-1.51158 ,0.27330 ,-2.37910 ,-1.51383 ,-0.69705 ,-0.33662 ,-1.12659 ,-2.62279 ,-0.55334 ,-1.34969 ,-0.59570 ,-1.75065 ,-0.13006 ,-0.83597 ,-0.74768 ,0.12302 ,-2.25000 ,-2.00410 ,-0.87594 ,-0.74246 ,-0.37631 ,-1.12469 ,-1.36805 ,0.63148 ,-0.89529 ,-1.18193 ,-1.12637 ,
0.24896 ,0.11425 ,-1.86241 ,-1.75000 ,-0.75119 ,-0.26246 ,-2.11995 ,0.12467 ,-0.37611 ,-1.62908 ,-0.89678 ,0.00171 ,-0.55726 ,-2.24305 ,0.12566 ,-2.13804 ,-1.89087 ,-1.50827 ,-2.02961 ,-2.12594 ,-2.50000 ,-0.85558 ,-0.99100 ,0.49321 ,-1.86996 ,-0.61536 ,-1.62772 ,-0.24959 ,-0.64641 ,0.37992 ,-0.28464 ,-0.00019 ,-0.24875 ,-2.61962 ,-1.87546 ,0.12080 ,-0.36162 ,-1.19624 ,-1.60087 ,-1.37460 ,-1.83280 ,-2.37459 ,-0.38134 ,0.24965 ,0.23866 ,0.27376 ,-2.09568 ,-0.83334 ,-2.36246 ,-1.75000 ,-2.37632 ,-1.12973 ,0.50000 ,-2.62246 ,0.74718 ,-0.62750 ,-0.74748 ,-0.21609 ,-1.12196 ,1.00000 ,0.62648 ,-0.54327 ,-1.22425 ,-0.38083 ,-1.00736 ,0.12568 ,-1.75000 ,-0.56831 ,-0.62589 ,-1.16431 ,-0.12499 ,-0.59969 ,-1.11942 ,-1.96357 ,-2.50000 ,-0.76749 ,-0.25404 ,0.11850 ,0.24986 ,-1.03581 ,0.02610 ,-1.50945 ,-1.64204 ,-0.99497 ,-1.01564 ,-0.88849 ,-1.49564 ,-0.50514 ,-0.75337 ,-0.87501 ,-0.77940 ,-0.52000 ,0.01018 ,-1.07329 ,-2.24783 ,-0.50160 ,-0.22368 ,-1.14136 ,-0.44158 ,-1.73092 ,
-0.57307 ,0.63158 ,-1.74862 ,-1.37433 ,-0.35624 ,0.87312 ,-1.74959 ,0.40751 ,-1.37769 ,-0.13673 ,-0.50000 ,-0.24242 ,-0.90532 ,-1.03252 ,0.26006 ,-1.00228 ,-0.87663 ,-2.11172 ,-1.13067 ,-0.57873 ,-2.00000 ,-2.12396 ,-1.49549 ,-1.23155 ,-0.53453 ,-1.50685 ,-1.37129 ,-1.04904 ,-0.22694 ,-1.13326 ,0.50193 ,-1.50000 ,-2.10473 ,-1.26765 ,-1.12949 ,0.01438 ,-0.74068 ,-1.02153 ,-2.24151 ,-0.11863 ,-0.97514 ,-1.10762 ,-1.08423 ,-0.58617 ,-0.21347 ,-0.37405 ,-1.74706 ,-2.37770 ,-1.63636 ,-0.77632 ,-1.10226 ,-0.26424 ,-0.40486 ,-1.50505 ,-0.32209 ,-0.25000 ,0.23382 ,-0.62814 ,-1.99489 ,0.14083 ,1.00000 ,-0.62252 ,-0.87265 ,-1.25044 ,-1.49148 ,-0.25851 ,-0.49615 ,-0.75601 ,-0.72972 ,0.00182 ,-1.32336 ,0.60915 ,-0.60745 ,-0.60300 ,-0.67102 ,-1.50216 ,-0.24225 ,0.12607 ,-0.23290 ,-1.76064 ,-0.76303 ,-1.02005 ,-1.35848 ,-0.38580 ,-0.24389 ,0.37861 ,-0.49820 ,-1.86764 ,-1.74067 ,-1.22412 ,0.12378 ,0.12627 ,0.28901 ,-2.37275 ,-0.70235 ,-1.49982 ,-1.64356 ,-0.26587 ,-0.48947 ,-2.24682 ,
0.00255 ,-0.12137 ,-0.43923 ,-0.12531 ,0.26016 ,0.87518 ,-1.50557 ,-0.92694 ,-0.25052 ,-0.23338 ,-2.24629 ,-1.27951 ,-1.87684 ,-0.36812 ,0.37052 ,-1.36399 ,-1.39701 ,-0.62592 ,-0.77411 ,-0.87453 ,-1.49931 ,-0.44325 ,-0.43835 ,0.49157 ,-0.12957 ,-2.01611 ,-1.62599 ,-0.73840 ,0.88226 ,-0.22543 ,-0.25000 ,-2.13998 ,-1.37241 ,-1.24410 ,-0.39503 ,-0.49206 ,-1.24318 ,-1.75000 ,-1.76265 ,-0.37245 ,-1.78299 ,-2.13425 ,-1.75000 ,-1.11441 ,-0.06141 ,-1.50000 ,-0.83055 ,-0.14002 ,-1.29944 ,-0.99067 ,-1.88346 ,-0.87378 ,-0.12711 ,-0.77464 ,-0.01245 ,-1.39988 ,-1.75052 ,0.25986 ,-0.24655 ,-2.50000 ,-1.00209 ,1.00000 ,-0.63153 ,-0.87413 ,-0.83984 ,-1.73424 ,-0.24970 ,-0.72705 ,-1.07482 ,-0.99050 ,-0.48065 ,0.23955 ,0.11046 ,0.87939 ,-0.85961 ,-1.13669 ,-1.99465 ,-1.85401 ,-0.48420 ,-1.62851 ,-1.87570 ,-0.62771 ,-0.30070 ,-1.12574 ,-0.50575 ,-1.36644 ,-0.86231 ,-0.98808 ,-1.00000 ,-1.78530 ,-2.12367 ,-2.11592 ,-1.01533 ,-1.37450 ,-1.33255 ,0.37030 ,-1.17517 ,-0.99739 ,-2.02595 ,-1.24727 ,
-1.48871 ,-1.34308 ,-1.38646 ,-1.25000 ,-1.13655 ,-0.87047 ,-1.37538 ,-1.37080 ,-1.25047 ,-1.54663 ,0.25000 ,-1.75061 ,-0.75310 ,-0.61724 ,-1.74913 ,-2.02319 ,-0.00978 ,-0.60685 ,-0.63141 ,-1.62814 ,-1.50064 ,0.11038 ,-1.67677 ,-1.76905 ,-0.86884 ,-1.61175 ,-0.25752 ,-1.25000 ,-1.24641 ,-1.50096 ,0.75298 ,-0.50000 ,0.11055 ,-0.88565 ,-0.99742 ,-0.55290 ,-0.97678 ,0.36927 ,-1.87754 ,-1.50980 ,-0.87293 ,0.62641 ,-0.61928 ,-0.25000 ,-0.27676 ,-0.36263 ,-0.78249 ,-0.78182 ,-0.25958 ,-1.12885 ,-0.26495 ,-1.73647 ,-0.78274 ,-1.77409 ,-0.40913 ,-1.24066 ,-2.00957 ,0.88006 ,-0.98991 ,-0.37764 ,-0.52576 ,-1.09382 ,1.00000 ,-0.66681 ,-1.40004 ,-1.90230 ,-0.62375 ,-2.37630 ,-1.08545 ,-1.25615 ,-1.59096 ,-0.49541 ,-0.75480 ,-0.85069 ,-0.60405 ,-1.83005 ,-0.13478 ,1.00000 ,-1.50323 ,0.13884 ,-1.62715 ,-0.49665 ,-2.62231 ,-1.21196 ,-0.12727 ,0.25105 ,0.61968 ,-0.66309 ,-1.18195 ,-0.74224 ,-0.66621 ,-1.20665 ,-0.68911 ,-2.12200 ,-1.39027 ,-0.53527 ,-0.90410 ,-0.85690 ,-1.64642 ,-0.61616 ,
0.24731 ,-0.94705 ,-1.37308 ,-1.74139 ,-0.49973 ,-0.22340 ,-0.37682 ,-0.99824 ,-1.68504 ,-1.49163 ,-1.34982 ,-1.49783 ,-1.02806 ,-0.84736 ,-1.88166 ,0.00099 ,-1.00172 ,-0.26520 ,-2.13309 ,0.01015 ,0.87791 ,-0.49899 ,-1.00343 ,-0.14767 ,-0.12032 ,0.00546 ,-0.79221 ,0.11867 ,-1.62992 ,-0.25749 ,-1.22751 ,-0.75019 ,-1.48510 ,0.25000 ,-0.36725 ,0.00614 ,-1.50485 ,-1.00914 ,-0.76821 ,-2.50000 ,0.74438 ,-2.37636 ,-0.25100 ,-0.99358 ,-1.87201 ,-2.62514 ,0.37688 ,-0.99321 ,-1.09214 ,-1.00000 ,-1.34950 ,-1.13313 ,-1.74088 ,-1.88651 ,-1.11086 ,-0.12483 ,0.50000 ,-0.07837 ,-0.97144 ,-1.50151 ,-2.24970 ,-1.64859 ,-0.25719 ,1.00000 ,-0.51680 ,0.12699 ,-0.51994 ,0.00007 ,-0.82539 ,-1.24370 ,0.23950 ,-2.14487 ,-1.25762 ,-1.21450 ,-0.77235 ,-0.39011 ,-1.74019 ,0.11599 ,0.73639 ,-0.73360 ,-1.00000 ,-0.01838 ,-1.06277 ,-0.26272 ,-0.00552 ,-0.75735 ,-1.73245 ,0.10449 ,-2.12800 ,-1.13409 ,-1.35902 ,-0.47911 ,-1.75060 ,-0.53672 ,0.25188 ,-1.85698 ,-0.87143 ,-0.92045 ,-0.66746 ,0.13824 ,
-1.85371 ,-1.50122 ,-0.37571 ,-0.77839 ,-1.52344 ,-1.36152 ,-1.03008 ,-0.76689 ,-1.39642 ,-0.12173 ,-1.40268 ,-0.52742 ,-1.48965 ,-1.24949 ,-0.75786 ,-0.97870 ,-0.37852 ,0.74881 ,-0.87035 ,-0.12753 ,-0.50367 ,-0.74994 ,-0.49078 ,-1.13574 ,-0.49182 ,0.25773 ,0.51073 ,-0.52571 ,-0.76420 ,-1.87496 ,-1.00147 ,0.48899 ,-1.09896 ,-1.10392 ,1.00000 ,-1.86939 ,-0.84152 ,-1.23603 ,-0.97548 ,-1.02682 ,0.24496 ,-1.34016 ,-1.97610 ,-1.25000 ,-2.11577 ,-2.50000 ,-0.62728 ,-0.50786 ,-0.63404 ,1.00000 ,0.13398 ,-0.88337 ,-0.14788 ,-1.23079 ,-1.26879 ,-2.00000 ,-2.39493 ,-0.24071 ,-0.34567 ,-0.38328 ,-1.72718 ,-2.10363 ,-0.02402 ,-1.73536 ,1.00000 ,-0.51169 ,-0.77335 ,-1.75115 ,-1.36934 ,-1.24184 ,-2.49293 ,-1.50000 ,-1.62856 ,-0.63748 ,-0.85258 ,-2.13260 ,-1.13789 ,-0.61329 ,-1.12772 ,0.23945 ,-0.65150 ,-0.34850 ,-0.67909 ,-0.73532 ,-1.00264 ,-2.22773 ,-1.25286 ,0.25000 ,-0.34566 ,-2.50000 ,-0.38973 ,-2.23347 ,-1.25000 ,-0.86917 ,-0.72260 ,-1.73655 ,-0.63339 ,-2.02565 ,-0.76169 ,0.27273 ,
-1.35257 ,-1.87085 ,0.25101 ,0.62952 ,-1.48100 ,-1.12338 ,-0.61653 ,-2.62214 ,0.24449 ,-1.99867 ,-1.29037 ,-1.76563 ,-0.03739 ,-1.99260 ,-1.20556 ,-2.37964 ,-1.23491 ,-0.74976 ,-1.41837 ,-0.63546 ,-1.25076 ,-0.61841 ,-0.12360 ,0.36473 ,-0.13822 ,0.25000 ,-0.20616 ,-1.22375 ,-0.12084 ,-0.07930 ,-1.88242 ,-0.65459 ,-0.12695 ,-0.91921 ,0.75627 ,-1.04323 ,-2.62751 ,-2.12188 ,0.50064 ,-1.12498 ,-1.37102 ,-0.51867 ,-0.73873 ,-1.70244 ,-0.26586 ,-1.86107 ,-0.75399 ,-0.62872 ,-1.10312 ,-0.87521 ,-0.28540 ,-0.52191 ,-0.94183 ,0.37497 ,-0.00264 ,-2.62822 ,-1.97745 ,-2.11976 ,-0.12445 ,-2.37440 ,-0.41960 ,-0.72560 ,-2.12305 ,0.22412 ,-0.10894 ,1.00000 ,-1.13035 ,0.02444 ,0.14258 ,-0.64299 ,-0.75833 ,-1.11480 ,-0.00116 ,-1.26135 ,-0.98677 ,-1.24131 ,-0.90835 ,-1.24440 ,0.49920 ,-1.26469 ,-0.69491 ,-2.62219 ,0.38637 ,-1.84061 ,-0.08296 ,-0.63966 ,-1.77378 ,-1.23630 ,-0.00348 ,-0.11647 ,-1.51585 ,-1.20803 ,-0.60315 ,-0.14122 ,-2.14043 ,-1.76306 ,-0.38363 ,-1.00745 ,-1.50238 ,-0.19800 ,
-1.23576 ,-0.15687 ,-1.63637 ,-1.61603 ,-1.40279 ,-0.00415 ,-0.99164 ,-0.88198 ,-1.28622 ,-0.94316 ,-0.98126 ,0.38104 ,-2.50000 ,-0.11466 ,-0.86932 ,-1.50723 ,0.25259 ,-0.80420 ,-0.37191 ,-0.13597 ,-1.07093 ,-2.37666 ,-2.11573 ,-0.44923 ,-0.03711 ,-0.48677 ,-0.13970 ,-1.74265 ,-0.33996 ,0.00498 ,-1.00779 ,-0.61753 ,-1.00141 ,-1.15383 ,-2.01242 ,0.38396 ,-0.87731 ,0.15202 ,-1.98868 ,-0.10998 ,0.87488 ,-0.54772 ,-1.49478 ,-1.74652 ,-1.62351 ,-0.50089 ,-0.75394 ,-1.47757 ,-1.61910 ,0.26499 ,-0.99759 ,-0.13401 ,-1.37331 ,-0.89674 ,-1.24270 ,-1.01801 ,-0.73313 ,-0.37308 ,-0.87182 ,-0.50000 ,0.01027 ,-0.36167 ,-0.62731 ,-1.72286 ,-1.38415 ,-0.75268 ,1.00000 ,-0.48623 ,-1.11913 ,-0.48912 ,-2.12502 ,-0.27340 ,-1.36284 ,-0.50773 ,0.62712 ,-2.11951 ,0.13643 ,0.38834 ,-0.86958 ,-1.75608 ,-0.49991 ,-1.13548 ,-1.13106 ,-0.37800 ,-0.16081 ,-0.65019 ,-0.50000 ,-1.87432 ,-1.59903 ,-0.60461 ,0.25985 ,-1.51097 ,-0.11981 ,-1.20764 ,-1.02310 ,-0.76154 ,-0.80611 ,0.23397 ,-0.75203 ,-0.63174 ,
-0.25000 ,-0.46912 ,-1.12099 ,-1.25446 ,-0.00085 ,-0.26337 ,-0.11977 ,-0.49358 ,-0.90798 ,-2.49597 ,-1.06049 ,-1.99535 ,-0.02200 ,-0.09788 ,-1.62625 ,0.50065 ,-0.00075 ,-0.75638 ,-2.37223 ,0.50000 ,0.11615 ,0.50171 ,-1.00259 ,0.62054 ,0.14860 ,-0.50000 ,-0.82438 ,0.86874 ,-1.84004 ,-0.76405 ,-1.24070 ,-0.75137 ,-0.48975 ,0.23200 ,-1.12191 ,-0.99587 ,-2.00938 ,-1.52208 ,-0.29628 ,-1.98704 ,0.26154 ,-1.62658 ,-0.75122 ,-0.49084 ,-1.62432 ,-1.87521 ,0.13479 ,-1.49426 ,-0.82854 ,-2.00834 ,-1.05823 ,-0.38230 ,-2.75000 ,-1.62343 ,-0.84585 ,0.62511 ,-0.03135 ,-0.82889 ,-0.98432 ,-1.00267 ,-2.25091 ,-1.36108 ,-0.23591 ,0.00007 ,-0.50796 ,-0.62309 ,-1.02298 ,1.00000 ,-1.59397 ,-0.24437 ,-0.25000 ,-1.37890 ,-1.26825 ,-0.70829 ,-0.30666 ,-0.09964 ,-1.25506 ,0.37621 ,-0.27727 ,-0.74606 ,-2.00997 ,0.49096 ,-0.78609 ,-0.22485 ,-0.49708 ,-1.26055 ,-0.72885 ,0.37097 ,-2.37392 ,-1.39064 ,-1.65126 ,-0.97399 ,-1.25000 ,-1.04317 ,0.75000 ,-2.63093 ,-0.59353 ,-1.67114 ,-1.18197 ,-0.12681 ,
-1.76821 ,-0.73819 ,-0.50245 ,-0.51628 ,0.16804 ,-0.14307 ,-1.87194 ,-0.12186 ,-1.05220 ,-2.11726 ,-1.36194 ,-1.24105 ,-1.89909 ,-0.51679 ,-1.01899 ,-1.62782 ,-2.36934 ,-0.75000 ,-0.23359 ,-0.24826 ,-0.26132 ,-2.00807 ,-1.13293 ,-0.77213 ,-1.40603 ,-0.81367 ,-0.55657 ,-2.37743 ,-2.25000 ,-0.38128 ,-0.73177 ,-1.36976 ,-0.60753 ,-2.37332 ,-1.41786 ,-2.13622 ,-0.86349 ,-1.32580 ,-1.05662 ,-2.37873 ,0.21455 ,0.37784 ,0.35062 ,-0.42835 ,-0.52299 ,0.49676 ,-1.08347 ,-0.62693 ,-1.16144 ,-1.37455 ,0.50515 ,-0.07627 ,-2.01038 ,-2.37559 ,-1.01193 ,0.36947 ,0.12516 ,0.13107 ,-1.61140 ,-1.35603 ,-1.87120 ,-0.87484 ,-2.37309 ,0.36865 ,-0.65048 ,-0.51306 ,0.24387 ,-1.77624 ,1.00000 ,-1.34543 ,-0.42225 ,-1.39400 ,-1.62381 ,-2.75000 ,-0.24509 ,-2.24353 ,-0.75544 ,-2.27048 ,-1.76737 ,-1.23252 ,-0.32642 ,-0.50000 ,-0.76819 ,0.00273 ,0.08015 ,-0.37336 ,0.12637 ,-1.99727 ,-1.33729 ,-0.33541 ,-1.62722 ,-1.14752 ,-1.17517 ,-0.80429 ,-0.97271 ,-0.75681 ,-0.68418 ,-0.21971 ,-0.89244 ,-2.00797 ,
-0.37523 ,-0.75507 ,-2.62596 ,-0.62879 ,-1.25711 ,0.25877 ,0.28589 ,-0.98201 ,-0.77317 ,-2.75000 ,-1.98872 ,-0.98670 ,0.74734 ,-1.12708 ,-0.72687 ,0.87534 ,0.74255 ,-0.88326 ,-2.12884 ,0.24834 ,-0.91998 ,-0.73859 ,-2.00000 ,-0.77002 ,-0.62615 ,-0.50000 ,-0.58343 ,0.60864 ,-0.25767 ,0.49295 ,-0.87227 ,-1.87706 ,-0.50103 ,-0.50169 ,-0.85139 ,-1.37521 ,-0.22892 ,-1.40832 ,-1.13323 ,-0.97949 ,0.62440 ,-1.49387 ,-0.20413 ,-2.02301 ,-0.21621 ,-0.73195 ,-0.37360 ,-1.88663 ,-1.07749 ,-1.99894 ,-2.11641 ,0.74526 ,-1.71732 ,-0.75335 ,-2.25041 ,-1.06582 ,0.88149 ,-1.75000 ,-1.87075 ,-0.60130 ,-1.87410 ,-0.86519 ,-1.13384 ,-0.70516 ,-0.96857 ,-0.10508 ,-0.94464 ,0.15972 ,-1.60852 ,1.00000 ,-1.26032 ,-1.74801 ,-1.31740 ,-0.60437 ,-0.65944 ,-0.49675 ,-1.75509 ,-0.65313 ,-1.31714 ,-1.64653 ,-0.36604 ,0.75000 ,-1.17896 ,-1.79653 ,-1.36539 ,-1.55122 ,-1.74154 ,-0.54585 ,-2.37174 ,0.40955 ,-0.49064 ,-0.35716 ,-0.63037 ,-0.13445 ,-0.74757 ,-1.44851 ,-2.12411 ,-1.07878 ,-2.24536 ,-1.30540 ,
-1.00844 ,0.01925 ,-1.31950 ,-1.98201 ,-0.94330 ,-2.62030 ,-1.12121 ,-1.23744 ,-0.88078 ,0.24166 ,-1.37629 ,-0.41036 ,-1.88774 ,0.12816 ,-1.49913 ,-1.08771 ,-2.36924 ,-0.72302 ,-0.67140 ,-1.37459 ,0.38095 ,0.15495 ,-1.09429 ,-0.16061 ,-1.37463 ,-1.62455 ,0.50606 ,-1.64290 ,-0.86109 ,-0.90773 ,0.39571 ,0.36304 ,-1.26609 ,-0.36678 ,-1.12621 ,-0.88783 ,-1.46643 ,0.37534 ,-1.37317 ,-2.11094 ,-1.24664 ,-0.61591 ,-1.00963 ,0.00166 ,-0.75765 ,-0.82917 ,-0.10032 ,-1.38738 ,-1.50484 ,-0.15136 ,-1.25785 ,-2.26279 ,-1.01081 ,-1.97853 ,-1.27629 ,-0.10854 ,-1.51161 ,-0.10449 ,-1.27818 ,-1.23678 ,-0.62335 ,-0.98705 ,-0.38362 ,-0.88217 ,0.87017 ,-1.98046 ,0.87783 ,-2.00775 ,-2.00573 ,-1.74600 ,1.00000 ,-0.85012 ,-1.24762 ,-0.75002 ,-2.23850 ,-0.22570 ,-0.35225 ,-1.77837 ,-0.90005 ,0.23216 ,-0.85360 ,-1.36228 ,-1.25000 ,-0.09666 ,0.63789 ,-0.98437 ,-1.65001 ,-0.12380 ,-0.78234 ,-0.78751 ,-0.21531 ,-0.88786 ,-1.11903 ,-1.50000 ,0.08905 ,-0.77548 ,-1.05805 ,-2.25560 ,0.61953 ,0.61722 ,
-0.70947 ,-0.51694 ,-0.91250 ,-0.74928 ,0.14296 ,0.75865 ,-2.09823 ,-0.51224 ,-0.37438 ,-1.62148 ,0.24659 ,-0.75014 ,0.11332 ,-2.49291 ,0.13408 ,-2.13875 ,-0.57021 ,-1.63168 ,-1.04152 ,-1.40009 ,-2.23657 ,-1.77485 ,-0.07275 ,0.10990 ,-1.14025 ,-0.50738 ,-1.86777 ,-0.08855 ,-1.15781 ,-1.50936 ,-1.16724 ,-1.37749 ,-0.50213 ,-1.43687 ,-1.11181 ,0.25190 ,-1.36951 ,-2.36230 ,-1.73636 ,-0.50133 ,-2.37076 ,-1.27251 ,-0.62610 ,-0.35860 ,-1.03122 ,-1.30423 ,-2.23614 ,-0.75693 ,-1.73817 ,-1.12742 ,-1.11344 ,-0.74279 ,-0.39640 ,-1.36603 ,0.62560 ,-0.86651 ,-0.73930 ,-2.01134 ,-0.37548 ,-0.46895 ,-0.11592 ,-0.15675 ,-1.50000 ,-0.50323 ,-2.11959 ,-0.26157 ,-2.11186 ,1.00000 ,0.12516 ,-0.14461 ,-1.64603 ,1.00000 ,0.12587 ,-2.62682 ,-1.07593 ,-1.03191 ,-0.38052 ,0.63151 ,0.25000 ,-1.74640 ,-1.26256 ,-1.13023 ,-0.75000 ,-1.50674 ,-1.12734 ,0.50167 ,0.51376 ,-1.62417 ,-0.74931 ,-1.35437 ,-1.15018 ,0.25423 ,-0.12845 ,-0.99041 ,-1.99995 ,-2.25000 ,-0.69905 ,0.49217 ,-1.76049 ,-2.25016 ,
0.74821 ,-0.24621 ,-0.38240 ,-0.36107 ,-0.40479 ,-2.25000 ,0.37716 ,-1.86111 ,-1.41863 ,-0.63565 ,-1.76932 ,-0.76974 ,-1.74567 ,-0.05543 ,-0.02208 ,-1.34835 ,-0.59865 ,-1.88034 ,-2.37323 ,-2.51240 ,-0.62135 ,-1.61371 ,-1.25857 ,-0.25000 ,-0.61342 ,0.50489 ,-1.98468 ,-0.64139 ,0.24131 ,0.25185 ,-1.24591 ,-1.25032 ,-0.93186 ,-0.85699 ,-1.13836 ,0.12442 ,-1.11247 ,-0.45830 ,-0.65736 ,0.62530 ,-1.74938 ,-1.49625 ,-0.37647 ,-1.27306 ,-0.85780 ,-0.25463 ,-0.38695 ,0.87957 ,-1.49532 ,0.36196 ,-0.42852 ,-0.63472 ,-0.34913 ,-1.62527 ,0.75038 ,-0.24131 ,-1.25774 ,-1.50000 ,0.27508 ,-0.98733 ,0.12424 ,-1.25000 ,-1.98747 ,0.25006 ,-1.14530 ,-0.75058 ,-1.87717 ,-0.12879 ,-1.73863 ,-0.93691 ,-1.17560 ,-0.85770 ,1.00000 ,-1.87973 ,-1.99259 ,0.50000 ,-1.78057 ,-1.50000 ,-0.12147 ,-0.62717 ,-0.42469 ,-2.13387 ,-0.25000 ,-0.61949 ,-1.71964 ,-0.64177 ,-0.35642 ,-0.62383 ,-1.11571 ,-2.12172 ,-1.86857 ,0.12170 ,-2.01386 ,-1.57851 ,-1.40634 ,-0.99002 ,0.36296 ,-1.17913 ,-0.63363 ,-0.40923 ,
-2.25000 ,0.00203 ,-0.85773 ,-1.16548 ,-1.52506 ,-0.71364 ,-2.25061 ,0.74257 ,-1.74227 ,-0.74410 ,-0.00935 ,-1.89229 ,-0.26165 ,-2.25398 ,-0.64795 ,-0.88251 ,-0.98224 ,-0.89458 ,-0.85688 ,-1.12048 ,-1.36665 ,-0.12369 ,-1.02295 ,-1.37247 ,0.00222 ,-1.87863 ,-0.23371 ,-0.55045 ,-2.23856 ,-1.88131 ,0.38834 ,-0.93476 ,-0.54017 ,-1.13094 ,0.00000 ,-1.86708 ,0.62863 ,-0.62278 ,-1.08900 ,-1.98890 ,-0.23193 ,0.12626 ,-1.46428 ,0.87790 ,-0.00921 ,-1.22231 ,-1.99219 ,-2.62316 ,0.12771 ,-2.00853 ,-1.61798 ,-2.24690 ,0.24658 ,-1.59690 ,-1.03609 ,-0.37427 ,-0.68151 ,-1.10444 ,-1.62600 ,-1.39961 ,-2.39250 ,-1.13522 ,0.22758 ,-1.87939 ,-0.37621 ,-1.74400 ,-0.49712 ,-2.00550 ,0.75000 ,-0.78156 ,-0.89339 ,-0.77810 ,-1.04157 ,1.00000 ,-0.09697 ,-0.91657 ,-1.13919 ,-0.75125 ,-2.11613 ,-0.25000 ,-2.11017 ,0.24206 ,-1.74664 ,-0.24496 ,-0.10174 ,-0.38376 ,-1.61088 ,-0.03777 ,-1.84721 ,-0.60429 ,-0.62383 ,-1.25014 ,-1.27341 ,-1.37434 ,-1.00631 ,0.39463 ,-1.89847 ,-1.01633 ,-1.12449 ,-2.00000 ,
-2.11329 ,-1.37192 ,-0.49789 ,0.38805 ,-1.23580 ,-1.84618 ,-1.12008 ,-0.41505 ,-2.10703 ,-0.25000 ,-0.25000 ,-0.10524 ,-0.50079 ,0.50000 ,-0.28687 ,-0.99563 ,-0.60541 ,-0.00257 ,-0.75000 ,-0.62407 ,-0.00930 ,-1.73463 ,-0.87967 ,-2.00980 ,-0.75547 ,-1.73761 ,-0.73953 ,-1.10985 ,0.13398 ,-2.24865 ,-1.36662 ,-0.89388 ,-2.24851 ,-0.39857 ,0.75002 ,-0.42423 ,-0.76769 ,-2.10832 ,-0.11375 ,-0.22932 ,-1.12178 ,0.24891 ,0.49104 ,-0.65987 ,-0.03019 ,-1.65489 ,-0.86364 ,-1.14179 ,0.25769 ,0.24437 ,0.38093 ,-1.12477 ,-1.14258 ,0.75000 ,-1.15403 ,-1.37580 ,-0.84161 ,-0.93435 ,-0.62892 ,-1.65680 ,-1.52017 ,0.22400 ,-1.73622 ,-1.25000 ,-1.49874 ,-1.99590 ,-0.61923 ,-0.87887 ,-0.63742 ,-0.26196 ,-2.50027 ,0.37723 ,-1.22519 ,-0.75000 ,1.00000 ,-1.47662 ,-0.22818 ,-1.38047 ,-1.37674 ,-1.15177 ,-1.04007 ,-0.96656 ,0.38915 ,-1.59368 ,-0.83960 ,-0.57488 ,0.13416 ,-1.25585 ,-0.87177 ,-1.33397 ,0.10624 ,-0.25095 ,-0.37020 ,-1.25684 ,-0.58996 ,-1.26838 ,-0.86995 ,0.12289 ,-1.44384 ,-1.58584 ,
-0.36795 ,0.02904 ,-0.14557 ,-1.88450 ,-0.39716 ,-0.96719 ,0.09980 ,-0.06059 ,-1.72749 ,-1.05679 ,0.74803 ,-0.95827 ,-0.89540 ,-0.36072 ,-1.78069 ,0.62010 ,-0.58034 ,-1.24841 ,-1.10287 ,-0.83045 ,-0.37924 ,0.37209 ,-0.88744 ,-0.91379 ,-0.72501 ,-1.13688 ,-2.00000 ,0.62078 ,-0.72491 ,-1.99602 ,-0.86370 ,-0.55284 ,-0.73523 ,0.24410 ,-0.75168 ,-0.62134 ,-1.22708 ,-2.49801 ,0.37220 ,-0.12728 ,-1.38005 ,-2.25310 ,-0.89035 ,-0.00798 ,-2.01696 ,-1.11880 ,-1.43196 ,-0.86628 ,-0.38059 ,-1.74473 ,-0.85583 ,-0.75388 ,-0.85482 ,-0.23472 ,-0.61974 ,-0.63956 ,-0.75451 ,-0.74470 ,0.00831 ,-0.00735 ,-0.12813 ,-1.62641 ,0.87549 ,-1.60267 ,-1.87280 ,-1.14401 ,-2.12939 ,0.13539 ,-1.14727 ,-0.26735 ,-1.63302 ,-0.50973 ,-0.96383 ,0.25000 ,0.11381 ,1.00000 ,-1.36985 ,0.60756 ,-0.97909 ,0.39261 ,-1.75433 ,-0.40465 ,-0.49188 ,-0.62742 ,-1.14225 ,-2.63129 ,-0.04479 ,0.75000 ,-0.63733 ,-1.11055 ,-0.82244 ,-1.48335 ,-0.62364 ,-0.65000 ,0.50900 ,-0.72114 ,0.87727 ,-0.25417 ,-1.49707 ,-0.75000 ,
-1.27227 ,-2.62794 ,-1.27504 ,-1.01322 ,-0.11893 ,-0.28198 ,-1.28078 ,-1.23960 ,-0.22318 ,-1.47151 ,0.40133 ,0.25000 ,-0.12662 ,-1.44227 ,-1.37884 ,-0.61191 ,-1.74511 ,0.13789 ,-0.23995 ,0.73701 ,-1.01407 ,0.11626 ,0.62630 ,-0.00022 ,-1.12519 ,-0.88554 ,0.10326 ,-1.60828 ,-1.62109 ,0.04064 ,-1.48705 ,-0.89793 ,-1.63228 ,-0.00582 ,-1.26643 ,-1.62110 ,-0.14893 ,-1.39372 ,-0.38516 ,-2.13570 ,-1.20976 ,-1.31450 ,-2.02337 ,-1.76093 ,-1.35822 ,-1.36054 ,-0.77419 ,-2.37087 ,-0.75259 ,-0.36181 ,-0.37791 ,-0.98226 ,-0.63311 ,-0.11085 ,-2.48970 ,-2.00116 ,-0.23810 ,-1.12656 ,-0.80534 ,-1.12569 ,-1.25038 ,0.12202 ,-0.98206 ,-1.87915 ,-0.02518 ,-0.99882 ,-0.50000 ,-1.12585 ,-0.61308 ,0.40272 ,0.02707 ,-1.87172 ,-2.37201 ,0.11813 ,-0.37560 ,-1.25913 ,1.00000 ,-0.26366 ,-1.25000 ,-1.02160 ,-1.61258 ,-0.84634 ,-1.72468 ,-1.99317 ,-0.51208 ,-1.51047 ,-2.03124 ,-0.79984 ,-1.36749 ,-0.97657 ,-0.01759 ,-2.11693 ,0.12837 ,-0.00217 ,-0.23960 ,-1.75000 ,-0.13940 ,-1.25000 ,0.25887 ,-0.72022 ,
-1.25429 ,-1.16837 ,-0.60956 ,-2.00408 ,-0.22785 ,-2.62408 ,-1.39571 ,-0.39471 ,-0.82691 ,-0.74945 ,0.75000 ,-0.75000 ,-1.28780 ,-1.35676 ,-1.13600 ,-0.89191 ,-0.86133 ,-0.60650 ,-1.53721 ,-0.73108 ,-0.11573 ,-0.09693 ,-2.12430 ,-0.76719 ,-1.13110 ,-0.82144 ,-0.94601 ,-0.26629 ,0.75352 ,-1.88673 ,0.12786 ,-0.51923 ,-1.27349 ,-0.28054 ,-0.84587 ,-0.89348 ,-0.87209 ,-1.48965 ,-0.76054 ,-0.13617 ,-1.73534 ,-1.48990 ,-1.61987 ,-1.05515 ,-1.87070 ,-1.75000 ,-2.00000 ,-0.01715 ,-1.87941 ,-0.12505 ,-0.98581 ,-0.88787 ,0.26101 ,-0.14559 ,-0.22465 ,-1.86340 ,-1.37524 ,-1.87867 ,-0.76356 ,-0.13175 ,-0.38987 ,-1.24895 ,-1.03521 ,-0.81289 ,-1.44717 ,-1.46795 ,-2.00533 ,-0.88687 ,-1.26377 ,-1.02974 ,-1.86102 ,-1.78020 ,-1.39677 ,-0.57829 ,-1.62620 ,-1.08093 ,-0.34521 ,1.00000 ,-1.64106 ,-0.12026 ,0.00000 ,-1.61559 ,-0.87112 ,-1.84301 ,-1.04530 ,-1.75474 ,-0.48191 ,-0.01843 ,-0.90201 ,-1.14492 ,-0.12019 ,-1.62525 ,-0.67541 ,-0.77123 ,-0.74942 ,-0.49536 ,-0.40435 ,-1.51313 ,-1.99527 ,-0.12796 ,
-0.71104 ,-1.35557 ,-1.34719 ,-1.11472 ,-1.02609 ,0.50171 ,-0.74797 ,0.13319 ,-2.36858 ,-0.99626 ,-1.07731 ,-1.37697 ,-2.27000 ,-0.50000 ,-0.59137 ,0.24743 ,-0.95625 ,-1.11568 ,-1.86084 ,-0.74182 ,-0.73813 ,-1.23045 ,-0.64459 ,-0.74764 ,0.23277 ,-0.40475 ,-1.25000 ,-0.62083 ,-0.35801 ,-1.37136 ,-1.26306 ,-1.11953 ,-1.01875 ,-0.82112 ,-0.70591 ,0.50000 ,-1.12492 ,-1.72680 ,-0.12244 ,-0.92812 ,-0.11469 ,-1.53113 ,0.61836 ,0.37011 ,-0.76170 ,-2.25594 ,-0.75257 ,0.01504 ,-0.12982 ,-1.50000 ,-1.09727 ,-1.15768 ,-1.12321 ,-2.49098 ,-0.36664 ,0.00352 ,-0.71814 ,0.25000 ,-0.73691 ,0.50268 ,-0.62822 ,-2.14707 ,0.00000 ,0.38207 ,-2.14190 ,0.24135 ,-2.01162 ,0.10394 ,0.87869 ,-2.13122 ,0.62524 ,-1.03846 ,-0.99456 ,-1.10751 ,-1.51603 ,-0.85498 ,-1.96644 ,-0.87964 ,1.00000 ,-0.48353 ,-1.13176 ,-0.12236 ,-0.61869 ,0.00000 ,-0.38551 ,-0.98696 ,0.36238 ,-0.72662 ,-0.76722 ,-0.51154 ,-0.38170 ,-0.35494 ,-2.37577 ,-1.97902 ,-0.11491 ,-0.26128 ,-0.74545 ,0.87722 ,-0.36999 ,0.74499 ,
-0.39518 ,0.24018 ,-0.10606 ,-0.53927 ,-0.38787 ,-1.12467 ,-0.65159 ,0.25990 ,-1.75429 ,0.62995 ,-0.99635 ,-1.40333 ,-0.91958 ,-1.35957 ,-1.23008 ,0.62906 ,-1.98990 ,-1.41591 ,-1.24189 ,-1.74356 ,-1.14794 ,0.00438 ,-0.51923 ,-2.36175 ,-1.32923 ,-2.25790 ,-1.13134 ,0.23988 ,-1.52864 ,-1.40170 ,-0.37150 ,-0.23378 ,-1.37526 ,-0.41402 ,-0.98415 ,-2.13042 ,0.24418 ,-1.00695 ,-1.72140 ,-2.50611 ,-1.26840 ,-1.45319 ,-1.00530 ,0.48115 ,-0.62809 ,-0.85972 ,-0.48798 ,-1.37963 ,0.21609 ,-2.37332 ,-0.96083 ,-1.86356 ,0.11241 ,-1.51965 ,-0.74770 ,0.09588 ,-0.01029 ,-0.74603 ,-1.99610 ,-0.65145 ,-1.86699 ,-0.89879 ,0.24828 ,-2.22664 ,-0.75000 ,-2.01454 ,-1.41047 ,-1.00000 ,-0.47423 ,-1.40963 ,0.10523 ,-1.37655 ,-0.61582 ,-0.48976 ,-1.86895 ,-0.38142 ,-2.26128 ,-1.62452 ,-1.62525 ,1.00000 ,-1.30138 ,0.01589 ,-2.02974 ,-0.03211 ,-1.24402 ,-0.46996 ,-1.25024 ,-0.12675 ,-1.86942 ,-1.01214 ,-1.52758 ,-0.80994 ,-1.74251 ,-2.39626 ,0.63015 ,-0.25000 ,-1.87223 ,-1.25905 ,0.24428 ,-0.88234 ,
-0.24544 ,-1.62482 ,-1.12718 ,-1.05182 ,-2.37626 ,-1.00319 ,-0.00111 ,-1.87649 ,-0.75000 ,-1.89290 ,-2.04065 ,-1.14336 ,-0.98992 ,-0.64755 ,-1.88058 ,-2.49536 ,-0.78544 ,0.14440 ,-1.39267 ,-0.62547 ,0.37697 ,-1.36476 ,-0.55298 ,0.00252 ,-1.50000 ,1.00000 ,0.36963 ,-1.24213 ,0.62915 ,0.50000 ,-1.99949 ,-0.11809 ,-0.50000 ,-2.62448 ,-1.03513 ,-1.09573 ,-1.87440 ,-0.87417 ,-1.00396 ,-0.57309 ,-0.64930 ,-1.00000 ,-0.50566 ,-0.73185 ,-0.10865 ,-1.52509 ,0.27623 ,0.00000 ,-0.14053 ,-0.76328 ,-1.99240 ,-0.62878 ,-0.34586 ,0.15875 ,-0.24869 ,-1.49658 ,-1.25000 ,-1.38374 ,0.10168 ,-0.98220 ,-1.01055 ,0.61999 ,-2.13963 ,-0.25000 ,-0.37109 ,-0.23303 ,-0.49991 ,0.00071 ,-0.64028 ,-2.02568 ,-1.59112 ,-0.74135 ,-0.37791 ,-1.50248 ,-0.38340 ,-0.61582 ,-0.87224 ,-1.13849 ,0.12686 ,-0.74301 ,1.00000 ,-1.63012 ,-0.62042 ,-1.37832 ,0.36740 ,-2.11635 ,-1.03764 ,-0.85061 ,-0.12582 ,-0.14057 ,-1.26165 ,-2.00000 ,-1.58026 ,0.24979 ,-1.49246 ,-2.25219 ,0.23484 ,-0.75592 ,-1.74304 ,-0.09534 ,
-2.11004 ,-2.25000 ,-1.12103 ,-1.54201 ,-1.27760 ,-0.53240 ,-1.09547 ,-0.36682 ,1.00000 ,-0.88156 ,0.12256 ,0.35337 ,0.51301 ,-0.87587 ,-1.38005 ,0.22415 ,-1.47844 ,-0.61653 ,-0.29076 ,0.49561 ,-0.37915 ,0.00434 ,-0.34958 ,-1.50215 ,-2.13297 ,-1.15800 ,-0.12768 ,-1.02360 ,-1.12679 ,-1.48713 ,-1.42760 ,-0.38302 ,-1.08350 ,0.37116 ,-1.49794 ,-0.21735 ,-2.13372 ,-1.22170 ,-0.01389 ,-2.13111 ,-1.74738 ,-0.13494 ,-0.83420 ,-1.34664 ,-0.52113 ,-1.11118 ,-1.25000 ,-2.13652 ,-1.38182 ,-2.14332 ,-0.25000 ,0.16874 ,-2.25134 ,-0.37338 ,-1.87286 ,-1.48251 ,0.75767 ,-0.65393 ,-0.86632 ,-1.09712 ,-0.48865 ,-0.87896 ,-0.76624 ,-2.36812 ,-0.37173 ,-0.50204 ,-1.40409 ,-1.10860 ,-0.50000 ,-0.62646 ,0.61847 ,-2.50000 ,-2.01374 ,-0.87209 ,0.12883 ,-2.00000 ,-0.24575 ,-0.24610 ,-1.50000 ,-0.82986 ,0.25380 ,1.00000 ,-0.75147 ,-0.50012 ,-1.50411 ,-2.14755 ,-2.12857 ,-0.14505 ,0.52782 ,0.36149 ,-0.00424 ,-1.35407 ,0.61795 ,-0.03539 ,-0.11752 ,-1.25399 ,-1.50000 ,-1.37611 ,0.00312 ,-1.50902 ,
-1.10208 ,-1.20501 ,-1.00699 ,0.25000 ,0.13140 ,0.11775 ,-1.49527 ,-0.86389 ,0.50000 ,-1.74856 ,-1.51685 ,-0.74515 ,-1.02759 ,-1.50000 ,0.50000 ,-1.35128 ,-0.12674 ,-1.50000 ,-1.14602 ,0.12012 ,-1.62306 ,-0.34610 ,-1.12678 ,0.62098 ,0.62114 ,-1.17033 ,-1.24677 ,-1.98942 ,-0.09256 ,-1.12707 ,-0.74002 ,-2.37464 ,-0.49901 ,-0.26566 ,0.11131 ,0.25000 ,-2.25001 ,-1.75000 ,-0.12151 ,0.00173 ,-2.13410 ,-1.03344 ,-1.62898 ,-1.21087 ,0.01895 ,-1.37386 ,-2.00277 ,-0.50000 ,-2.62104 ,-0.25772 ,-0.51800 ,-0.15743 ,-1.50200 ,-0.71923 ,-0.25000 ,-1.20352 ,-2.24745 ,-0.89453 ,0.11896 ,-2.25221 ,0.24352 ,-0.70912 ,-1.47912 ,-0.29242 ,-0.12676 ,-0.09022 ,-0.49440 ,0.15379 ,-0.22916 ,-0.70772 ,-0.62831 ,0.10309 ,-0.37270 ,0.03244 ,-0.12257 ,-2.00760 ,-0.51739 ,-0.87531 ,-0.73449 ,-2.25502 ,-2.00810 ,-1.37903 ,1.00000 ,-1.35298 ,-1.25000 ,-1.14923 ,-1.11901 ,-1.23649 ,-0.24862 ,-1.78059 ,-1.49580 ,-0.66779 ,0.25886 ,0.12045 ,-1.40092 ,-0.58724 ,-1.37332 ,-1.76451 ,-2.12354 ,-1.63916 ,
-0.49496 ,-0.11983 ,-0.53992 ,-0.76407 ,-0.64183 ,-1.37747 ,-1.61357 ,-1.12449 ,-0.99823 ,0.35529 ,-0.88134 ,-1.98257 ,-1.10826 ,0.26917 ,-1.75000 ,-1.59156 ,-1.50006 ,-1.77029 ,-0.14626 ,-1.49421 ,-0.50789 ,0.26552 ,-0.25774 ,-0.51581 ,-0.09143 ,-1.25000 ,-0.50156 ,-2.38001 ,-1.63423 ,-1.12299 ,-1.13499 ,-0.87221 ,-0.23576 ,0.50390 ,-1.87672 ,-0.09340 ,-1.10317 ,0.87317 ,-0.75045 ,-2.26244 ,-2.49472 ,0.12042 ,-1.28993 ,0.48416 ,-1.27798 ,-0.96017 ,-0.12280 ,-0.75306 ,-0.97658 ,-0.91668 ,-1.16555 ,-0.75371 ,-1.59658 ,-0.43112 ,-0.77325 ,0.87840 ,-1.03121 ,0.00000 ,-0.12398 ,-2.49212 ,0.12775 ,-0.60322 ,-0.25000 ,-0.78772 ,-0.93972 ,-2.37712 ,0.50000 ,-0.09892 ,-1.39261 ,-1.77608 ,0.50000 ,-0.14503 ,0.36900 ,-1.32719 ,-1.36872 ,-0.99455 ,-0.50870 ,-0.63884 ,0.37943 ,-1.13490 ,-2.37118 ,-1.27675 ,-1.99463 ,1.00000 ,-0.43191 ,0.62761 ,-0.76389 ,-1.38110 ,0.24321 ,-1.26462 ,-2.13449 ,0.00999 ,-0.84571 ,-0.50107 ,0.24643 ,-0.37805 ,0.75000 ,-1.61069 ,0.25000 ,-0.76717 ,
-1.12869 ,-1.49983 ,0.15342 ,0.40583 ,-1.36728 ,-1.37575 ,0.39740 ,-2.24668 ,-0.72658 ,-1.00075 ,-1.14384 ,-1.76702 ,-0.14384 ,-0.94048 ,-2.14402 ,-1.43190 ,-0.98978 ,-0.12781 ,-1.66966 ,-0.87253 ,0.23790 ,-0.50419 ,-0.47860 ,-1.27294 ,-0.38525 ,-0.62280 ,0.51900 ,-0.39027 ,0.38062 ,-0.91811 ,-1.49624 ,-0.74514 ,-1.11515 ,-0.67673 ,0.50000 ,-1.87218 ,-2.63196 ,-1.97727 ,-0.63458 ,-1.24295 ,-0.88152 ,-0.35810 ,0.00000 ,-1.12847 ,-0.26353 ,-2.62484 ,0.12564 ,-1.50962 ,0.50000 ,-1.48862 ,-0.05026 ,-1.12430 ,-0.57607 ,0.61805 ,-0.90519 ,-1.89543 ,-0.77014 ,-2.62634 ,-0.36418 ,-2.62159 ,-2.12277 ,0.37980 ,-1.62542 ,-0.86294 ,-0.47516 ,-0.30010 ,-0.77009 ,0.24880 ,-0.11006 ,-0.64817 ,-1.24164 ,-0.49202 ,0.25369 ,-1.12900 ,-0.33628 ,-0.75000 ,-1.75787 ,-1.74823 ,-0.20950 ,-1.18281 ,-1.19417 ,-1.47742 ,0.24062 ,-1.12716 ,1.00000 ,-0.25949 ,-1.09903 ,-1.11148 ,-0.74435 ,0.37297 ,-1.14050 ,-1.17215 ,-1.50743 ,-0.99695 ,-0.60014 ,-2.23812 ,-1.57701 ,-0.37040 ,-1.99016 ,0.01028 ,
-0.86404 ,-1.19835 ,-1.49008 ,-0.36931 ,-0.08681 ,-0.50194 ,-1.75000 ,-0.75047 ,-2.37695 ,-1.47646 ,-0.42401 ,-1.38664 ,-1.28502 ,-0.86958 ,-0.84802 ,-1.87290 ,-0.41349 ,-0.01189 ,-0.12462 ,-1.30278 ,-2.49794 ,-1.13496 ,-1.39090 ,-1.49462 ,1.00000 ,-1.87311 ,-1.14811 ,-0.59397 ,-0.87371 ,-0.99191 ,0.36738 ,-1.09350 ,-1.48823 ,-1.99981 ,0.36996 ,-1.89113 ,0.51154 ,-1.04666 ,-1.39751 ,-0.47664 ,0.24188 ,-0.85770 ,-0.77947 ,-0.87521 ,-1.11868 ,-0.60921 ,-1.37758 ,-0.75420 ,0.37677 ,0.05432 ,-1.39756 ,-2.26255 ,0.37484 ,-1.51971 ,-0.62495 ,-1.98055 ,-2.00000 ,-0.11835 ,-2.38004 ,-0.40381 ,-1.62570 ,0.09969 ,0.74221 ,-1.07054 ,-1.75599 ,-2.00548 ,0.49652 ,-1.47929 ,-0.74942 ,-0.72584 ,-2.25327 ,0.16456 ,-0.52075 ,-0.75000 ,-1.40180 ,-0.48373 ,-0.28852 ,-0.26261 ,-1.09432 ,-0.76870 ,-1.64182 ,-1.17664 ,-2.25000 ,-2.10664 ,-0.49203 ,1.00000 ,0.49124 ,-2.75000 ,-2.62308 ,-1.47264 ,-0.60741 ,-1.50893 ,-0.91900 ,-1.88098 ,-1.74898 ,0.24488 ,-0.62599 ,-0.62928 ,-2.12324 ,-0.30563 ,
-1.62472 ,0.11472 ,-1.40733 ,-1.90836 ,0.37214 ,-0.85774 ,-2.62818 ,0.25683 ,-1.99187 ,-0.50761 ,-0.12419 ,-0.34931 ,-1.60522 ,-0.50031 ,-0.48929 ,0.39520 ,-1.16240 ,-0.88607 ,0.62945 ,-1.00053 ,-0.26112 ,-1.62477 ,-2.36298 ,-1.24876 ,-1.65466 ,-2.24766 ,-2.75000 ,-1.87346 ,-2.62794 ,-1.38502 ,-0.02003 ,-2.75000 ,-1.00125 ,-1.08017 ,-2.25000 ,-0.73145 ,0.27088 ,-0.65513 ,-0.47220 ,-0.48949 ,-0.37427 ,0.37799 ,-0.78160 ,-0.25646 ,-1.87349 ,0.50421 ,-2.12175 ,-0.63395 ,-2.38017 ,-0.38686 ,-0.13018 ,0.00992 ,-1.90985 ,-2.36836 ,-1.74463 ,0.15113 ,0.22784 ,1.00000 ,-0.91354 ,-0.39927 ,-0.61564 ,-2.27180 ,-0.83883 ,-0.12030 ,-2.50000 ,-1.92713 ,-0.50000 ,-2.50000 ,-1.20843 ,0.01794 ,-1.50000 ,-0.63358 ,-2.37292 ,-1.08044 ,0.24633 ,-1.60478 ,-0.61430 ,-0.35928 ,-2.38712 ,-1.25777 ,-0.89568 ,0.38654 ,-1.50000 ,-1.09461 ,-1.40008 ,-1.11596 ,1.00000 ,-1.00000 ,-0.75068 ,-0.84171 ,-0.59569 ,-0.71108 ,-0.26338 ,-0.25156 ,0.50470 ,0.37141 ,-0.25004 ,-0.13292 ,-1.47096 ,-2.50000 ,
-0.25000 ,-0.75339 ,-1.16855 ,-0.23941 ,-1.10897 ,-1.12904 ,-0.84669 ,-1.50000 ,-0.82708 ,-0.72956 ,-0.99982 ,-0.99076 ,-2.12061 ,-1.13710 ,-1.00220 ,0.62231 ,-1.08408 ,-2.25395 ,-0.90271 ,-1.98932 ,0.12071 ,-1.62835 ,-0.70968 ,-0.60090 ,-2.36954 ,-0.99104 ,-1.37765 ,-0.12298 ,-0.49547 ,-1.25701 ,-2.25000 ,-1.15754 ,-0.64540 ,-1.07408 ,-2.00000 ,-0.62607 ,-1.02642 ,-1.87280 ,-1.63023 ,-0.37903 ,-1.87183 ,-2.35851 ,-1.18490 ,-0.13666 ,-1.28108 ,-1.05348 ,-0.59844 ,-0.74990 ,-1.35912 ,-0.37931 ,-0.49342 ,0.49985 ,-1.15221 ,0.63051 ,0.12578 ,0.87869 ,0.49790 ,-0.81961 ,0.37188 ,-2.38382 ,-1.34367 ,-1.48051 ,-0.83374 ,-0.61351 ,0.75000 ,0.50000 ,-1.02228 ,-0.64437 ,-0.99934 ,-0.87522 ,-0.38837 ,0.00271 ,-0.15026 ,-1.23500 ,-0.75518 ,-1.23275 ,-1.50904 ,-2.12206 ,-1.06334 ,-1.51232 ,0.23697 ,-1.15292 ,-0.25166 ,-0.75309 ,-0.49178 ,-2.51184 ,-0.78690 ,1.00000 ,0.75452 ,-0.89056 ,-0.98734 ,-0.84841 ,-1.15959 ,0.50002 ,0.37742 ,-0.87671 ,-0.98325 ,-0.74804 ,-0.38903 ,0.50124 ,
-1.00000 ,-1.40484 ,-1.02039 ,-1.10980 ,-1.75000 ,-1.62212 ,-2.00368 ,-1.48705 ,-1.38011 ,-0.78472 ,0.37918 ,-1.59946 ,-2.37194 ,-1.34389 ,-1.36867 ,-1.12839 ,-2.12831 ,-0.35507 ,-0.06617 ,-1.53935 ,-2.62680 ,-0.27163 ,0.14846 ,-2.12814 ,-1.50463 ,-1.37874 ,-1.49690 ,-0.65829 ,-1.22589 ,-1.12544 ,-2.10515 ,-1.34376 ,-1.62903 ,-2.00341 ,-0.87336 ,-0.98699 ,-0.62203 ,-0.49680 ,-1.73900 ,0.24355 ,-2.00000 ,0.01400 ,-0.87028 ,0.37548 ,-1.00187 ,-0.81317 ,-1.01337 ,-0.48577 ,-0.38449 ,-0.00222 ,-1.00318 ,-1.01696 ,-0.71884 ,-0.12299 ,0.74974 ,-1.87456 ,-2.12608 ,-0.11814 ,0.62199 ,0.15806 ,-0.97459 ,-1.50250 ,-1.99198 ,-1.88116 ,-1.40955 ,-1.12958 ,-2.24191 ,-1.41005 ,-0.13498 ,-1.02481 ,-1.60819 ,-1.34407 ,-1.50209 ,-0.74794 ,-0.39025 ,-0.36781 ,-1.35829 ,-1.09880 ,-1.88768 ,-0.49552 ,-0.37515 ,-2.12287 ,-0.77198 ,-1.74979 ,-0.15600 ,-1.13414 ,0.13266 ,-1.62384 ,1.00000 ,-1.75589 ,-0.62778 ,-1.01710 ,0.48960 ,-2.50555 ,-0.66873 ,0.49679 ,-0.74967 ,-0.24161 ,-0.48807 ,-1.25000 ,
-1.10624 ,-1.75247 ,-1.22896 ,-0.96362 ,-2.25158 ,-0.97841 ,-0.08713 ,-1.61253 ,-1.60802 ,-1.75896 ,-0.15563 ,-1.08716 ,0.61956 ,-0.64567 ,-0.97331 ,-0.01609 ,-0.45768 ,-0.24976 ,-0.73367 ,-0.76458 ,-1.53629 ,-1.75583 ,-1.11334 ,-2.25000 ,-1.47589 ,0.24389 ,-1.29124 ,0.13051 ,-0.98996 ,-0.22575 ,-1.37826 ,-0.52155 ,-0.75758 ,-1.63283 ,-0.74152 ,-1.63889 ,0.74986 ,-1.37933 ,-0.75000 ,-0.36804 ,0.62165 ,-0.16858 ,0.38671 ,-2.50550 ,-0.74670 ,0.25006 ,-0.61822 ,-1.12476 ,0.61844 ,-1.14250 ,-0.75889 ,-0.35975 ,-1.22976 ,0.00104 ,-1.75000 ,-2.14556 ,0.76250 ,-1.75000 ,-1.87224 ,1.00000 ,-1.36138 ,-1.28945 ,-1.37625 ,-0.86811 ,-2.49787 ,-0.11241 ,-1.89603 ,-1.62801 ,-1.50601 ,1.00000 ,-1.88241 ,-2.37351 ,-2.13497 ,-0.72883 ,-0.64419 ,0.00465 ,-1.40073 ,-1.13037 ,-1.43835 ,-1.25109 ,0.62389 ,-0.46719 ,-1.23897 ,-2.27145 ,-1.62853 ,-1.17269 ,-0.77358 ,-1.37678 ,-1.51449 ,1.00000 ,0.24528 ,-0.74630 ,-0.86219 ,-1.11909 ,-1.99956 ,-1.35196 ,-0.87317 ,0.75000 ,-0.46449 ,-1.04093 ,
-0.37233 ,-1.61626 ,-2.12678 ,-1.26051 ,-1.76114 ,0.00000 ,-0.73795 ,-1.12493 ,-1.22712 ,-2.36094 ,-0.37002 ,-0.21113 ,-2.51207 ,-0.51937 ,-1.00000 ,-0.88850 ,-0.27273 ,-0.97507 ,-0.36942 ,-1.47559 ,0.12335 ,-1.86202 ,-2.62491 ,-0.07694 ,-1.99828 ,-1.25922 ,-0.27295 ,-0.74924 ,-0.11820 ,-1.00991 ,-1.71621 ,-0.25000 ,-0.37293 ,-2.36853 ,-2.35891 ,0.37844 ,-0.75802 ,-0.13117 ,-1.86387 ,0.02077 ,-0.75323 ,-1.86986 ,0.23353 ,-0.37842 ,-1.13046 ,0.37007 ,-0.74326 ,-1.25022 ,-0.88353 ,0.01090 ,-1.49386 ,-0.13031 ,-1.01564 ,0.38495 ,-0.49445 ,-0.67469 ,-0.47258 ,0.24076 ,0.62616 ,-1.37007 ,-1.35041 ,0.00259 ,-0.39698 ,-1.59252 ,-0.53540 ,0.37493 ,0.14943 ,-0.74331 ,-0.63136 ,-1.25000 ,-1.87152 ,-0.13507 ,-0.28074 ,-1.11923 ,0.24453 ,-1.99955 ,0.01130 ,-1.01242 ,-1.35149 ,-1.16858 ,0.25000 ,-1.00726 ,-0.87612 ,-1.86799 ,-0.01692 ,-2.24049 ,-0.26121 ,-0.36046 ,-0.00015 ,-0.12002 ,1.00000 ,-2.75000 ,-0.48984 ,0.74791 ,-1.74564 ,-0.16502 ,-0.23950 ,-0.62740 ,-2.12452 ,0.12558 ,
-0.98482 ,-0.25121 ,0.62150 ,-0.15367 ,0.23767 ,-1.49282 ,-1.00070 ,-1.00734 ,-0.46181 ,0.49794 ,-1.26832 ,-1.34834 ,0.02367 ,-0.99243 ,-0.62328 ,0.62808 ,-2.25582 ,-2.36647 ,-1.37340 ,-1.12530 ,-0.85036 ,-0.12693 ,0.75000 ,-0.90845 ,-1.24749 ,-1.35709 ,-1.99205 ,-0.75000 ,-1.02324 ,-1.36407 ,-1.60600 ,-1.23705 ,-1.63148 ,-0.12901 ,-1.26811 ,-1.38792 ,-0.87375 ,-2.62540 ,-0.12782 ,-1.27255 ,-1.98221 ,-1.36071 ,-1.76767 ,-1.13926 ,-1.29559 ,-2.00913 ,-0.21145 ,-0.61962 ,-1.34471 ,-1.23627 ,0.37748 ,0.00581 ,-1.51662 ,-0.58600 ,-0.24494 ,0.12481 ,0.40615 ,-2.13370 ,-0.63651 ,-1.85901 ,-0.83450 ,-2.12291 ,-1.54446 ,-0.38146 ,0.12538 ,-0.47048 ,-1.74739 ,-0.27797 ,-1.00017 ,-0.50000 ,0.63273 ,-1.49589 ,-0.24414 ,-1.25014 ,-2.10522 ,-0.37873 ,-2.12212 ,-2.50000 ,-0.11291 ,-0.98582 ,-1.15942 ,-1.53923 ,-0.48367 ,-0.00177 ,-2.11739 ,-0.90096 ,-1.63261 ,-0.23130 ,-0.35539 ,-1.62316 ,-2.62465 ,1.00000 ,-1.98817 ,-0.86810 ,0.74378 ,-1.59719 ,-1.33320 ,-1.24757 ,0.87522 ,-1.24192 ,
-0.28890 ,-1.37578 ,-0.38204 ,-1.90027 ,-0.83473 ,-0.74877 ,-0.48816 ,-0.72466 ,-0.40585 ,-2.00599 ,-0.91927 ,-1.37288 ,-1.50000 ,-1.27090 ,-1.98735 ,-0.51589 ,-0.76408 ,-0.13277 ,0.37603 ,-0.76898 ,-0.50000 ,-1.88684 ,-1.36522 ,-1.39298 ,-1.48381 ,-0.88261 ,-0.52793 ,-1.99562 ,-0.86733 ,0.25702 ,-0.60608 ,-0.04624 ,0.86976 ,-1.12217 ,-1.37566 ,-0.98315 ,-0.77863 ,-0.90526 ,-1.60305 ,-1.23456 ,0.13269 ,-1.52356 ,0.12436 ,-1.09987 ,-2.37046 ,0.36363 ,-0.27855 ,0.50000 ,-1.86877 ,-1.03288 ,-0.97358 ,0.24194 ,-2.62603 ,-0.14190 ,-2.12947 ,-0.78917 ,-1.60682 ,-0.02278 ,-0.12623 ,-0.76642 ,-1.05451 ,-1.23789 ,-1.87433 ,-0.25957 ,-2.01367 ,-0.98005 ,0.37162 ,-0.14628 ,-0.97673 ,-0.58460 ,-1.77693 ,-1.27810 ,-1.62690 ,-2.01152 ,-0.25000 ,-2.12721 ,-1.37496 ,-1.37134 ,-0.62127 ,-0.11902 ,-0.25119 ,-1.10962 ,-0.81630 ,-2.37799 ,0.13199 ,-1.62989 ,-0.14009 ,-2.49808 ,0.50000 ,0.11946 ,-1.23798 ,-1.37734 ,1.00000 ,-0.62349 ,-1.11076 ,-1.26068 ,-0.13097 ,0.24983 ,-1.37344 ,-0.30032 ,
-0.24757 ,-0.79601 ,-0.93707 ,-0.25000 ,-0.87538 ,-0.86056 ,-0.62367 ,-1.49687 ,-1.11679 ,-1.26796 ,-0.94973 ,-0.99583 ,-1.88153 ,-0.89769 ,-0.51584 ,0.37248 ,-1.35023 ,-2.25000 ,-1.13496 ,-2.00199 ,0.36286 ,-1.35443 ,-1.24354 ,-0.37993 ,-2.63037 ,-1.52298 ,-1.13121 ,-0.37651 ,-0.50000 ,-1.78690 ,-2.25480 ,-0.88992 ,-0.88488 ,-1.35603 ,-2.49025 ,-0.37265 ,-1.00358 ,-1.59626 ,-1.40557 ,-0.62545 ,-2.13207 ,-2.12696 ,-0.90365 ,-0.36261 ,-1.25178 ,-1.01233 ,-0.37353 ,-1.26373 ,-1.06453 ,-0.62724 ,-0.50000 ,0.50000 ,-1.37707 ,0.87660 ,-0.11420 ,0.62509 ,0.50000 ,-0.80630 ,0.64499 ,-2.11854 ,-1.60062 ,-1.44037 ,-0.78465 ,-0.91280 ,0.74871 ,0.50425 ,-1.00090 ,-0.41930 ,-0.48481 ,-0.64320 ,-0.68075 ,-0.47644 ,0.10048 ,-1.25000 ,-0.74556 ,-1.26269 ,-1.47456 ,-2.39441 ,-0.86481 ,-0.98815 ,-0.24406 ,-1.37779 ,-0.78102 ,-0.79569 ,-0.98881 ,-2.50000 ,-1.23884 ,0.50002 ,0.75000 ,-0.63009 ,-0.48360 ,-1.13035 ,-1.37628 ,1.00000 ,0.10574 ,-0.58670 ,-0.99882 ,-0.74183 ,-0.66377 ,0.00780 ,
-0.81642 ,-0.50984 ,-0.02129 ,-1.24648 ,-1.12412 ,-1.74678 ,0.61984 ,-0.51713 ,-1.61635 ,0.12486 ,-1.25895 ,-1.77917 ,-2.62361 ,0.50000 ,-2.13162 ,0.63456 ,-0.89233 ,-0.38175 ,-0.46300 ,-0.54902 ,0.75061 ,-0.75000 ,-0.87889 ,-2.62644 ,-1.32715 ,-1.46734 ,-0.13097 ,-0.98934 ,-1.37798 ,-1.01113 ,-1.37400 ,-0.12796 ,-0.98453 ,-0.54659 ,-1.38286 ,-2.25000 ,0.38451 ,0.37205 ,-0.72378 ,-1.48331 ,0.37322 ,-1.16210 ,-1.41289 ,-0.70027 ,-1.50991 ,-1.22901 ,0.23653 ,-0.22453 ,0.75000 ,-1.33573 ,-0.85651 ,-1.23835 ,-0.61800 ,-0.63522 ,-2.13726 ,-0.18264 ,-0.31243 ,0.00000 ,-1.12469 ,-1.03822 ,-2.35527 ,-0.87504 ,0.00196 ,-1.99163 ,-0.37042 ,-2.25561 ,-0.36879 ,-2.00702 ,-1.12133 ,-2.37540 ,-0.87544 ,-1.99995 ,-1.12835 ,0.13442 ,-0.37763 ,-0.99799 ,-1.59786 ,-1.61049 ,-1.74874 ,0.75000 ,-0.75646 ,0.13680 ,-1.76677 ,0.47216 ,-1.39159 ,-2.01758 ,-1.50018 ,-0.37879 ,-1.22984 ,-1.15231 ,-1.38648 ,-2.25943 ,-2.36805 ,-0.97473 ,1.00000 ,0.25883 ,-0.76658 ,-1.51108 ,-0.25000 ,-0.23555 ,
-1.49284 ,-0.59371 ,-0.25000 ,0.25206 ,-1.10930 ,-1.03102 ,-1.18806 ,0.87038 ,-1.38152 ,0.11759 ,-0.24864 ,-0.74945 ,-0.87005 ,-1.11029 ,0.75064 ,-0.35740 ,-1.49912 ,-1.39547 ,-2.12822 ,-2.00713 ,-0.41375 ,-0.62428 ,-0.50000 ,-0.63757 ,-0.94864 ,-1.62193 ,-0.48425 ,0.23241 ,-1.99506 ,-1.61154 ,0.38358 ,-1.99306 ,-1.50158 ,-0.72526 ,-1.18778 ,-0.64003 ,-0.09734 ,-1.49408 ,0.12836 ,-0.63408 ,-1.48165 ,0.12802 ,-1.16450 ,0.63005 ,-0.25005 ,-2.00000 ,-1.39270 ,-0.93166 ,-0.24757 ,-1.77070 ,-1.36795 ,-1.01010 ,0.37390 ,-0.77953 ,0.38357 ,-0.84482 ,0.25301 ,-2.37464 ,-1.37516 ,-2.38510 ,-0.77334 ,-0.41191 ,-0.77021 ,-1.40513 ,-0.97966 ,-1.87547 ,-1.49079 ,-1.17696 ,-0.95312 ,0.62626 ,0.49582 ,-1.26693 ,0.12535 ,-0.81492 ,-1.38118 ,-0.99840 ,-1.51130 ,-0.52216 ,-1.51181 ,-1.33886 ,-0.40662 ,0.75081 ,-1.26447 ,0.37968 ,-0.75504 ,-0.12486 ,-1.66682 ,0.03272 ,-1.74981 ,-1.75765 ,-0.76366 ,-1.58943 ,-1.77370 ,-0.78679 ,-1.25947 ,1.00000 ,-1.12326 ,-2.12472 ,-0.01023 ,-1.37322 ,
-0.87531 ,-1.14673 ,-0.62786 ,-1.11093 ,-0.34861 ,-1.64187 ,-1.35950 ,-0.50423 ,-1.20135 ,-1.74604 ,-0.87638 ,-1.62141 ,-0.81679 ,-1.25000 ,-1.74510 ,-0.89497 ,-1.88386 ,-0.12049 ,-0.16434 ,-1.74933 ,0.50262 ,-0.37655 ,-1.08962 ,-0.50557 ,-2.37163 ,-0.99124 ,-1.50031 ,-1.10894 ,-1.36071 ,-0.62396 ,-0.73635 ,-1.51140 ,0.25047 ,-1.87100 ,-1.51554 ,-1.99289 ,-0.51362 ,-1.88908 ,0.25000 ,-1.74522 ,-1.61944 ,-0.86532 ,0.49226 ,1.00000 ,-0.62675 ,-0.26623 ,-1.34010 ,0.14533 ,-1.16119 ,-1.12616 ,-0.88941 ,-0.69026 ,-1.09053 ,-1.07909 ,-0.51104 ,-0.63596 ,-1.05463 ,-0.24713 ,-0.10872 ,-1.12728 ,-1.88433 ,-0.98926 ,-2.11318 ,0.62440 ,-1.22281 ,-1.10289 ,-1.27837 ,-1.25372 ,0.02124 ,-0.77644 ,-0.25841 ,-1.86619 ,-1.11097 ,-2.36871 ,-0.52103 ,-0.81551 ,-1.37935 ,-1.62806 ,-1.59728 ,0.00000 ,0.36833 ,-0.87723 ,-0.24617 ,-1.90500 ,-0.62722 ,-1.88365 ,-0.25004 ,-0.18853 ,0.00056 ,-0.11709 ,-1.38733 ,-1.48918 ,-0.97947 ,0.50024 ,-0.73746 ,-0.41367 ,1.00000 ,-0.90831 ,-2.25711 ,-1.24273 ,
-0.76052 ,-1.52482 ,0.74327 ,-1.09871 ,-1.88903 ,-1.49502 ,-0.86345 ,-1.42909 ,-1.50000 ,-0.56809 ,-0.15467 ,-0.87781 ,-2.62704 ,-1.39421 ,0.14140 ,-2.12582 ,-1.73170 ,-0.75045 ,-0.47434 ,-1.99486 ,-0.83139 ,-1.87333 ,-0.51717 ,-0.82590 ,-0.23787 ,-0.72199 ,-2.62181 ,-2.62065 ,-0.15307 ,-0.88000 ,-1.48671 ,0.25476 ,-0.89292 ,-1.89062 ,0.13061 ,0.12762 ,0.27287 ,-0.86516 ,-0.72940 ,-0.01039 ,-2.37604 ,-1.00971 ,-0.37636 ,-0.62660 ,0.26453 ,0.00051 ,-1.10106 ,0.36840 ,-0.76697 ,0.37273 ,-0.93414 ,-2.50381 ,0.48720 ,-0.75995 ,0.25323 ,-1.61228 ,-1.97651 ,-1.26758 ,-0.01148 ,0.62460 ,0.62633 ,-1.15277 ,-1.24922 ,-1.04531 ,-2.38064 ,-1.64550 ,-2.50313 ,-1.05349 ,-0.67557 ,-2.00706 ,-1.37332 ,-0.25232 ,-0.82312 ,-0.77153 ,-1.34942 ,-0.74664 ,-0.76183 ,-2.26085 ,-0.43366 ,-0.75000 ,-1.29388 ,-1.97994 ,0.75000 ,-0.21328 ,-0.61877 ,-0.24045 ,-0.13903 ,-0.80637 ,-0.95209 ,-2.15277 ,-1.00438 ,-1.51263 ,-1.01080 ,-2.00112 ,-1.85866 ,0.62300 ,0.51536 ,1.00000 ,-0.66313 ,-1.88170 ,
-0.36793 ,-1.41144 ,-1.38966 ,-1.24991 ,-0.86850 ,-1.87293 ,0.00157 ,-0.88116 ,-0.87798 ,-1.52241 ,-1.10928 ,0.50000 ,-0.59888 ,-0.85445 ,-1.25000 ,-0.99803 ,-1.86061 ,-0.01550 ,-1.50266 ,-0.11563 ,-0.36240 ,0.37622 ,-0.86203 ,-0.46267 ,-1.35760 ,-0.20870 ,0.75000 ,-1.54692 ,-0.66156 ,0.51188 ,-0.99620 ,-0.37640 ,-2.00382 ,-0.73968 ,-1.13834 ,-1.25405 ,0.37600 ,0.25136 ,-1.62275 ,-1.49891 ,-0.99501 ,-2.01047 ,-0.12087 ,-0.63534 ,-0.60694 ,0.00072 ,0.38065 ,-2.50995 ,-0.90134 ,-0.57925 ,-0.60949 ,-1.75948 ,0.38479 ,-0.88074 ,-2.24502 ,-1.03380 ,-0.37887 ,-0.48845 ,-1.15992 ,-0.87739 ,-1.36964 ,0.11875 ,-1.24837 ,-1.75000 ,0.25000 ,-1.99759 ,-0.27304 ,-1.47789 ,-1.61708 ,-0.89211 ,-0.36689 ,-1.87618 ,-2.50670 ,0.25000 ,-1.36052 ,0.74812 ,-0.08997 ,-0.87521 ,-1.86933 ,0.12011 ,-0.95773 ,-1.24298 ,-2.22933 ,-1.15752 ,0.37320 ,-2.49107 ,-1.51086 ,0.75075 ,-1.74775 ,-0.76171 ,-0.51991 ,-1.38197 ,-0.87480 ,-0.87031 ,-0.99645 ,-0.43108 ,-0.96833 ,-1.47806 ,1.00000 ,-0.26163 ,
-1.74501 ,-1.75000 ,-1.53235 ,-0.84607 ,-0.11052 ,-0.98673 ,-1.62737 ,0.13896 ,-0.61988 ,0.03179 ,-0.12797 ,-0.01508 ,-0.40674 ,-0.59659 ,-1.52408 ,-1.25238 ,-1.62720 ,0.49358 ,-1.13893 ,-0.38233 ,-1.64206 ,-0.49899 ,-0.85102 ,-1.52353 ,-2.12418 ,-0.64771 ,0.24874 ,0.50000 ,-1.38555 ,-1.62208 ,0.12374 ,-0.93146 ,-1.76661 ,-1.00535 ,-0.75145 ,-2.75000 ,-2.48856 ,-1.73492 ,-0.99086 ,-0.61114 ,0.62969 ,-0.70569 ,-1.98503 ,-1.49480 ,-2.37222 ,-1.88723 ,-2.02273 ,-0.64531 ,-0.26785 ,-0.62110 ,0.49977 ,-0.62918 ,-0.04065 ,-1.37490 ,-1.12321 ,-1.87084 ,-1.21805 ,-0.37776 ,-1.13125 ,-0.59162 ,-2.50541 ,-0.95692 ,-0.75516 ,-0.87213 ,0.62654 ,0.50333 ,-1.22378 ,-2.12596 ,0.25035 ,-0.84750 ,-1.46701 ,-1.25187 ,-1.12279 ,-0.12664 ,-0.46359 ,-1.62249 ,-0.12749 ,0.12613 ,-1.51784 ,-0.63060 ,0.61890 ,-0.85747 ,-0.67517 ,-2.37531 ,-1.74438 ,-2.49791 ,-0.75355 ,-1.16271 ,-0.24188 ,-1.08795 ,-0.00089 ,-2.24304 ,-0.86505 ,-0.99693 ,-0.72816 ,-2.62541 ,-2.00000 ,-1.76478 ,-0.74937 ,1.00000 ,
